,film_id,title,release_year,genre,rating,number_of_rentals,rental_duration,ave_length_rental,rental_rate,replacement_cost,rentalrate%
0,1,ACADEMY DINOSAUR,2006,Documentary,PG,23,6,5.0,0.99,20.99,Less than 10%
1,2,ACE GOLDFINGER,2006,Horror,G,7,3,6.0,4.99,12.99,26-50%
2,3,ADAPTATION HOLES,2006,Documentary,NC-17,12,7,3.0,2.99,18.99,11-25%
3,4,AFFAIR PREJUDICE,2006,Horror,G,23,5,5.0,2.99,26.99,11-25%
4,5,AFRICAN EGG,2006,Family,G,12,6,7.0,2.99,22.99,11-25%
5,6,AGENT TRUMAN,2006,Foreign,PG,21,3,6.0,2.99,17.99,11-25%
6,7,AIRPLANE SIERRA,2006,Comedy,PG-13,15,6,5.0,4.99,28.99,11-25%
7,8,AIRPORT POLLOCK,2006,Horror,R,18,6,5.0,4.99,15.99,26-50%
8,9,ALABAMA DEVIL,2006,Horror,PG-13,12,3,6.0,2.99,21.99,11-25%
9,10,ALADDIN CALENDAR,2006,Sports,NC-17,23,6,5.0,4.99,24.99,11-25%
10,11,ALAMO VIDEOTAPE,2006,Foreign,G,24,6,5.0,0.99,16.99,Less than 10%
11,12,ALASKA PHANTOM,2006,Music,PG,26,6,5.0,0.99,22.99,Less than 10%
12,13,ALI FOREVER,2006,Horror,PG,9,4,5.0,4.99,21.99,11-25%
13,14,ALICE FANTASIA,2006,Classics,NC-17,0,6,,0.99,23.99,Less than 10%
14,15,ALIEN CENTER,2006,Foreign,NC-17,22,5,5.0,2.99,10.99,26-50%
15,16,ALLEY EVOLUTION,2006,Foreign,NC-17,14,6,6.0,2.99,23.99,11-25%
16,17,ALONE TRIP,2006,Music,R,18,3,5.0,0.99,14.99,Less than 10%
17,18,ALTER VICTORY,2006,Animation,PG-13,22,6,5.0,0.99,27.99,Less than 10%
18,19,AMADEUS HOLY,2006,Action,PG,21,6,5.0,0.99,20.99,Less than 10%
19,20,AMELIE HELLFIGHTERS,2006,Music,R,10,4,5.0,4.99,23.99,11-25%
20,21,AMERICAN CIRCUS,2006,Action,R,22,3,5.0,4.99,17.99,26-50%
21,22,AMISTAD MIDSUMMER,2006,New,G,21,6,5.0,2.99,10.99,26-50%
22,23,ANACONDA CONFESSIONS,2006,Animation,R,21,3,4.0,0.99,9.99,Less than 10%
23,24,ANALYZE HOOSIERS,2006,Horror,R,14,6,6.0,2.99,19.99,11-25%
24,25,ANGELS LIFE,2006,New,G,22,3,5.0,2.99,15.99,11-25%
25,26,ANNIE IDENTITY,2006,Sci-Fi,G,22,3,4.0,0.99,15.99,Less than 10%
26,27,ANONYMOUS HUMAN,2006,Sports,NC-17,13,7,5.0,0.99,12.99,Less than 10%
27,28,ANTHEM LUKE,2006,Comedy,PG-13,15,5,5.0,4.99,16.99,26-50%
28,29,ANTITRUST TOMATOES,2006,Action,NC-17,10,5,5.0,2.99,11.99,11-25%
29,30,ANYTHING SAVANNAH,2006,Horror,R,9,4,6.0,2.99,27.99,11-25%
30,31,APACHE DIVINE,2006,Family,NC-17,31,5,4.0,4.99,16.99,26-50%
31,32,APOCALYPSE FLAMINGOS,2006,New,R,6,6,4.0,4.99,11.99,26-50%
32,33,APOLLO TEEN,2006,Drama,PG-13,0,5,,2.99,15.99,11-25%
33,34,ARABIA DOGMA,2006,Horror,NC-17,13,6,5.0,0.99,29.99,Less than 10%
34,35,ARACHNOPHOBIA ROLLERCOASTER,2006,Horror,PG-13,24,4,6.0,2.99,24.99,11-25%
35,36,ARGONAUTS TOWN,2006,Animation,PG-13,0,7,,0.99,12.99,Less than 10%
36,37,ARIZONA BANG,2006,Classics,PG,21,3,5.0,2.99,28.99,11-25%
37,38,ARK RIDGEMONT,2006,Action,NC-17,0,6,,0.99,25.99,Less than 10%
38,39,ARMAGEDDON LOST,2006,Sci-Fi,G,21,5,5.0,0.99,10.99,Less than 10%
39,40,ARMY FLINTSTONES,2006,Documentary,R,16,4,5.0,0.99,22.99,Less than 10%
40,41,ARSENIC INDEPENDENCE,2006,Travel,PG,0,4,,0.99,17.99,Less than 10%
41,42,ARTIST COLDBLOODED,2006,Sports,NC-17,16,5,5.0,2.99,10.99,26-50%
42,43,ATLANTIS CAUSE,2006,Family,G,24,6,5.0,2.99,15.99,11-25%
43,44,ATTACKS HATE,2006,Sci-Fi,PG-13,16,5,6.0,4.99,21.99,11-25%
44,45,ATTRACTION NEWTON,2006,New,PG-13,24,5,4.0,4.99,14.99,26-50%
45,46,AUTUMN CROW,2006,Games,G,11,3,5.0,4.99,13.99,26-50%
46,47,BABY HALL,2006,Foreign,NC-17,8,5,5.0,4.99,23.99,11-25%
47,48,BACKLASH UNDEFEATED,2006,Children,PG-13,19,3,6.0,4.99,24.99,11-25%
48,49,BADMAN DAWN,2006,Sci-Fi,R,21,6,5.0,2.99,22.99,11-25%
49,50,BAKED CLEOPATRA,2006,Family,G,16,3,5.0,2.99,20.99,11-25%
50,51,BALLOON HOMEWARD,2006,Music,NC-17,23,5,6.0,2.99,10.99,26-50%
51,52,BALLROOM MOCKINGBIRD,2006,Foreign,G,8,6,5.0,0.99,29.99,Less than 10%
52,53,BANG KWAI,2006,Family,NC-17,7,5,5.0,2.99,25.99,11-25%
53,54,BANGER PINOCCHIO,2006,Music,R,22,5,5.0,0.99,15.99,Less than 10%
54,55,BARBARELLA STREETCAR,2006,Sci-Fi,G,25,6,6.0,2.99,27.99,11-25%
55,56,BAREFOOT MANCHURIAN,2006,Action,G,18,6,5.0,2.99,15.99,11-25%
56,57,BASIC EASY,2006,Travel,PG-13,21,4,5.0,2.99,18.99,11-25%
57,58,BEACH HEARTBREAKERS,2006,Documentary,G,17,6,5.0,2.99,16.99,11-25%
58,59,BEAR GRACELAND,2006,Children,R,22,4,5.0,2.99,20.99,11-25%
59,60,BEAST HUNCHBACK,2006,Classics,R,11,3,4.0,4.99,22.99,11-25%
60,61,BEAUTY GREASE,2006,Drama,G,22,5,5.0,4.99,28.99,11-25%
61,62,BED HIGHBALL,2006,Documentary,NC-17,6,5,6.0,2.99,23.99,11-25%
62,63,BEDAZZLED MARRIED,2006,Family,PG,13,6,4.0,0.99,21.99,Less than 10%
63,64,BEETHOVEN EXORCIST,2006,Drama,PG-13,11,6,5.0,0.99,26.99,Less than 10%
64,65,BEHAVIOR RUNAWAY,2006,Horror,PG,13,3,5.0,4.99,20.99,11-25%
65,66,BENEATH RUSH,2006,Children,NC-17,10,6,4.0,0.99,27.99,Less than 10%
66,67,BERETS AGENT,2006,Action,PG-13,21,5,4.0,2.99,24.99,11-25%
67,68,BETRAYED REAR,2006,Children,NC-17,15,5,5.0,4.99,26.99,11-25%
68,69,BEVERLY OUTLAW,2006,Sci-Fi,R,21,3,5.0,2.99,21.99,11-25%
69,70,BIKINI BORROWERS,2006,Animation,NC-17,17,7,6.0,4.99,26.99,11-25%
70,71,BILKO ANONYMOUS,2006,Family,PG-13,13,3,5.0,4.99,25.99,11-25%
71,72,BILL OTHERS,2006,Documentary,PG,19,6,5.0,2.99,12.99,11-25%
72,73,BINGO TALENTED,2006,Sci-Fi,PG-13,29,5,6.0,2.99,22.99,11-25%
73,74,BIRCH ANTITRUST,2006,Music,PG,11,4,6.0,4.99,18.99,26-50%
74,75,BIRD INDEPENDENCE,2006,Travel,G,11,6,6.0,4.99,14.99,26-50%
75,76,BIRDCAGE CASPER,2006,Music,NC-17,9,4,5.0,0.99,23.99,Less than 10%
76,77,BIRDS PERDITION,2006,New,G,18,5,5.0,4.99,15.99,26-50%
77,78,BLACKOUT PRIVATE,2006,Animation,PG,27,7,4.0,2.99,12.99,11-25%
78,79,BLADE POLISH,2006,Drama,PG-13,22,5,4.0,0.99,10.99,Less than 10%
79,80,BLANKET BEVERLY,2006,Family,G,12,7,6.0,2.99,21.99,11-25%
80,81,BLINDNESS GUN,2006,Sci-Fi,PG-13,14,6,5.0,4.99,29.99,11-25%
81,82,BLOOD ARGONAUTS,2006,Family,G,10,3,6.0,0.99,13.99,Less than 10%
82,83,BLUES INSTINCT,2006,Family,G,21,5,5.0,2.99,18.99,11-25%
83,84,BOILED DARES,2006,Travel,PG,15,7,5.0,4.99,13.99,26-50%
84,85,BONNIE HOLOCAUST,2006,Documentary,G,16,4,4.0,0.99,29.99,Less than 10%
85,86,BOOGIE AMELIE,2006,Music,R,29,6,5.0,4.99,11.99,26-50%
86,87,BOONDOCK BALLROOM,2006,Travel,NC-17,0,7,,0.99,14.99,Less than 10%
87,88,BORN SPINAL,2006,Travel,PG,12,7,4.0,4.99,17.99,26-50%
88,89,BORROWERS BEDAZZLED,2006,Animation,G,22,7,6.0,0.99,22.99,Less than 10%
89,90,BOULEVARD MOB,2006,New,R,18,3,6.0,0.99,11.99,Less than 10%
90,91,BOUND CHEAPER,2006,Classics,PG,24,5,5.0,0.99,17.99,Less than 10%
91,92,BOWFINGER GABLES,2006,Horror,NC-17,11,7,3.0,4.99,19.99,11-25%
92,93,BRANNIGAN SUNRISE,2006,New,PG,12,4,5.0,4.99,27.99,11-25%
93,94,BRAVEHEART HUMAN,2006,Family,PG-13,5,7,4.0,2.99,14.99,11-25%
94,95,BREAKFAST GOLDFINGER,2006,New,G,17,5,5.0,4.99,18.99,26-50%
95,96,BREAKING HOME,2006,New,PG-13,13,4,4.0,2.99,21.99,11-25%
96,97,BRIDE INTRIGUE,2006,Action,G,19,7,5.0,0.99,24.99,Less than 10%
97,98,BRIGHT ENCOUNTERS,2006,Drama,PG-13,13,4,5.0,4.99,12.99,26-50%
98,99,BRINGING HYSTERICAL,2006,Comedy,PG,20,7,6.0,2.99,14.99,11-25%
99,100,BROOKLYN DESERT,2006,Foreign,R,21,7,5.0,4.99,21.99,11-25%
100,101,BROTHERHOOD BLANKET,2006,Documentary,R,26,3,6.0,0.99,26.99,Less than 10%
101,102,BUBBLE GROSSE,2006,Sports,R,6,4,4.0,4.99,20.99,11-25%
102,103,BUCKET BROTHERHOOD,2006,Travel,PG,34,7,5.0,4.99,27.99,11-25%
103,104,BUGSY SONG,2006,Foreign,G,11,4,6.0,2.99,17.99,11-25%
104,105,BULL SHAWSHANK,2006,Action,NC-17,16,6,5.0,0.99,21.99,Less than 10%
105,106,BULWORTH COMMANDMENTS,2006,Games,G,7,4,5.0,2.99,14.99,11-25%
106,107,BUNCH MINDS,2006,Drama,G,5,4,6.0,2.99,13.99,11-25%
107,108,BUTCH PANTHER,2006,New,PG-13,0,6,,0.99,19.99,Less than 10%
108,109,BUTTERFLY CHOCOLAT,2006,New,G,30,3,6.0,0.99,17.99,Less than 10%
109,110,CABIN FLASH,2006,Children,NC-17,15,4,5.0,0.99,25.99,Less than 10%
110,111,CADDYSHACK JEDI,2006,Action,NC-17,16,3,5.0,0.99,17.99,Less than 10%
111,112,CALENDAR GUNFIGHT,2006,Foreign,NC-17,21,4,5.0,4.99,22.99,11-25%
112,113,CALIFORNIA BIRDS,2006,Sports,NC-17,12,4,5.0,4.99,19.99,11-25%
113,114,CAMELOT VACATION,2006,Sci-Fi,NC-17,27,3,6.0,0.99,26.99,Less than 10%
114,115,CAMPUS REMEMBER,2006,Action,R,19,5,6.0,2.99,27.99,11-25%
115,116,CANDIDATE PERDITION,2006,Classics,R,18,4,6.0,2.99,10.99,26-50%
116,117,CANDLES GRAPES,2006,Games,NC-17,23,6,5.0,4.99,15.99,26-50%
117,118,CANYON STOCK,2006,Animation,R,19,7,5.0,0.99,26.99,Less than 10%
118,119,CAPER MOTIONS,2006,Comedy,G,24,6,5.0,0.99,22.99,Less than 10%
119,120,CARIBBEAN LIBERTY,2006,Sports,NC-17,9,3,6.0,4.99,16.99,26-50%
120,121,CAROL TEXAS,2006,Animation,PG,18,4,5.0,2.99,15.99,11-25%
121,122,CARRIE BUNCH,2006,Horror,PG,23,7,5.0,0.99,11.99,Less than 10%
122,123,CASABLANCA SUPER,2006,Travel,G,16,6,4.0,4.99,22.99,11-25%
123,124,CASPER DRAGONFLY,2006,Children,PG-13,8,3,4.0,4.99,16.99,26-50%
124,125,CASSIDY WYOMING,2006,Travel,NC-17,6,5,5.0,2.99,19.99,11-25%
125,126,CASUALTIES ENCINO,2006,Action,G,9,3,6.0,4.99,16.99,26-50%
126,127,CAT CONEHEADS,2006,Comedy,G,30,5,5.0,4.99,14.99,26-50%
127,128,CATCH AMISTAD,2006,Foreign,G,0,7,,0.99,10.99,Less than 10%
128,129,CAUSE DATE,2006,Documentary,R,21,3,6.0,2.99,16.99,11-25%
129,130,CELEBRITY HORN,2006,Action,PG-13,24,7,5.0,0.99,24.99,Less than 10%
130,131,CENTER DINOSAUR,2006,Classics,PG,24,5,4.0,4.99,12.99,26-50%
131,132,CHAINSAW UPTOWN,2006,Sci-Fi,PG,21,6,5.0,0.99,25.99,Less than 10%
132,133,CHAMBER ITALIAN,2006,Music,NC-17,13,7,7.0,4.99,14.99,26-50%
133,134,CHAMPION FLATLINERS,2006,Animation,PG,13,4,5.0,4.99,21.99,11-25%
134,135,CHANCE RESURRECTION,2006,Sports,R,27,3,5.0,2.99,22.99,11-25%
135,136,CHAPLIN LICENSE,2006,New,NC-17,8,7,4.0,2.99,26.99,11-25%
136,137,CHARADE DUFFEL,2006,Sci-Fi,PG,15,3,5.0,2.99,21.99,11-25%
137,138,CHARIOTS CONSPIRACY,2006,Sci-Fi,R,21,5,4.0,2.99,29.99,Less than 10%
138,139,CHASING FIGHT,2006,Family,PG,20,7,6.0,4.99,21.99,11-25%
139,140,CHEAPER CLYDE,2006,Sci-Fi,G,20,6,6.0,0.99,23.99,Less than 10%
140,141,CHICAGO NORTH,2006,Games,PG-13,16,6,6.0,4.99,11.99,26-50%
141,142,CHICKEN HELLFIGHTERS,2006,Documentary,PG,22,3,5.0,0.99,24.99,Less than 10%
142,143,CHILL LUCK,2006,Drama,PG,22,6,5.0,0.99,17.99,Less than 10%
143,144,CHINATOWN GLADIATOR,2006,New,PG,0,7,,4.99,24.99,11-25%
144,145,CHISUM BEHAVIOR,2006,Family,G,13,5,5.0,4.99,25.99,11-25%
145,146,CHITTY LOCK,2006,Drama,G,8,6,5.0,2.99,24.99,11-25%
146,147,CHOCOLAT HARRY,2006,Family,NC-17,20,5,6.0,0.99,16.99,Less than 10%
147,148,CHOCOLATE DUCK,2006,Foreign,R,0,3,,2.99,13.99,11-25%
148,149,CHRISTMAS MOONSHINE,2006,Children,NC-17,21,7,5.0,0.99,21.99,Less than 10%
149,150,CIDER DESIRE,2006,Documentary,PG,19,7,5.0,2.99,9.99,26-50%
150,151,CINCINATTI WHISPERER,2006,Sci-Fi,NC-17,13,5,7.0,4.99,26.99,11-25%
151,152,CIRCUS YOUTH,2006,Children,PG-13,15,5,5.0,2.99,13.99,11-25%
152,153,CITIZEN SHREK,2006,Sci-Fi,G,13,7,5.0,0.99,18.99,Less than 10%
153,154,CLASH FREDDY,2006,Animation,G,25,6,5.0,2.99,12.99,11-25%
154,155,CLEOPATRA DEVIL,2006,New,PG-13,18,6,6.0,0.99,26.99,Less than 10%
155,156,CLERKS ANGELS,2006,Documentary,G,7,3,5.0,4.99,15.99,26-50%
156,157,CLOCKWORK PARADISE,2006,Children,PG-13,10,7,5.0,0.99,29.99,Less than 10%
157,158,CLONES PINOCCHIO,2006,Music,R,19,6,5.0,2.99,16.99,11-25%
158,159,CLOSER BANG,2006,Comedy,R,28,5,5.0,4.99,12.99,26-50%
159,160,CLUB GRAFFITI,2006,Animation,PG-13,19,4,5.0,0.99,12.99,Less than 10%
160,161,CLUE GRAIL,2006,Music,NC-17,7,6,5.0,4.99,27.99,11-25%
161,162,CLUELESS BUCKET,2006,Action,R,25,4,5.0,2.99,13.99,11-25%
162,163,CLYDE THEORY,2006,New,PG-13,8,4,5.0,0.99,29.99,Less than 10%
163,164,COAST RAINBOW,2006,Documentary,PG,21,4,4.0,0.99,20.99,Less than 10%
164,165,COLDBLOODED DARLING,2006,Sci-Fi,G,16,7,6.0,4.99,27.99,11-25%
165,166,COLOR PHILADELPHIA,2006,Classics,G,24,6,5.0,2.99,19.99,11-25%
166,167,COMA HEAD,2006,Travel,NC-17,26,6,4.0,4.99,10.99,26-50%
167,168,COMANCHEROS ENEMY,2006,Children,R,6,5,3.0,0.99,23.99,Less than 10%
168,169,COMFORTS RUSH,2006,Travel,NC-17,17,3,5.0,2.99,19.99,11-25%
169,170,COMMAND DARLING,2006,Foreign,PG-13,16,5,6.0,4.99,28.99,11-25%
170,171,COMMANDMENTS EXPRESS,2006,Horror,R,0,6,,4.99,13.99,26-50%
171,172,CONEHEADS SMOOCHY,2006,Drama,NC-17,25,7,5.0,4.99,12.99,26-50%
172,173,CONFESSIONS MAGUIRE,2006,Drama,PG-13,14,7,5.0,4.99,25.99,11-25%
173,174,CONFIDENTIAL INTERVIEW,2006,Music,NC-17,29,6,5.0,4.99,13.99,26-50%
174,175,CONFUSED CANDLES,2006,Family,PG-13,17,3,6.0,2.99,27.99,11-25%
175,176,CONGENIALITY QUEST,2006,Sports,PG-13,22,6,5.0,0.99,21.99,Less than 10%
176,177,CONNECTICUT TRAMP,2006,Sci-Fi,R,13,4,6.0,4.99,20.99,11-25%
177,178,CONNECTION MICROCOSMOS,2006,Comedy,G,7,6,5.0,0.99,25.99,Less than 10%
178,179,CONQUERER NUTS,2006,Drama,G,16,4,4.0,4.99,14.99,26-50%
179,180,CONSPIRACY SPIRIT,2006,Classics,PG-13,5,4,4.0,2.99,27.99,11-25%
180,181,CONTACT ANONYMOUS,2006,Travel,PG-13,26,7,5.0,2.99,10.99,26-50%
181,182,CONTROL ANTHEM,2006,Comedy,G,7,7,5.0,4.99,9.99,26-50%
182,183,CONVERSATION DOWNHILL,2006,Family,R,17,4,6.0,4.99,14.99,26-50%
183,184,CORE SUIT,2006,Classics,PG-13,18,3,5.0,2.99,24.99,11-25%
184,185,COWBOY DOOM,2006,Foreign,PG,7,3,3.0,2.99,10.99,26-50%
185,186,CRAFT OUTFIELD,2006,Drama,NC-17,16,6,4.0,0.99,17.99,Less than 10%
186,187,CRANES RESERVOIR,2006,Sports,NC-17,11,5,5.0,2.99,12.99,11-25%
187,188,CRAZY HOME,2006,Comedy,PG,9,7,4.0,2.99,24.99,11-25%
188,189,CREATURES SHAKESPEARE,2006,Games,NC-17,16,3,6.0,0.99,23.99,Less than 10%
189,190,CREEPERS KANE,2006,Classics,NC-17,14,5,4.0,4.99,23.99,11-25%
190,191,CROOKED FROGMEN,2006,Children,PG-13,23,6,5.0,0.99,27.99,Less than 10%
191,192,CROSSING DIVORCE,2006,Foreign,R,0,4,,4.99,19.99,11-25%
192,193,CROSSROADS CASUALTIES,2006,Animation,G,21,5,4.0,2.99,20.99,11-25%
193,194,CROW GREASE,2006,Action,PG,12,6,5.0,0.99,22.99,Less than 10%
194,195,CROWDS TELEMARK,2006,Sci-Fi,R,0,3,,4.99,16.99,26-50%
195,196,CRUELTY UNFORGIVEN,2006,Classics,G,7,7,4.0,0.99,29.99,Less than 10%
196,197,CRUSADE HONEY,2006,Sports,R,8,4,7.0,2.99,27.99,11-25%
197,198,CRYSTAL BREAKING,2006,Foreign,NC-17,0,6,,2.99,22.99,11-25%
198,199,CUPBOARD SINNERS,2006,Documentary,R,23,4,5.0,2.99,29.99,Less than 10%
199,200,CURTAIN VIDEOTAPE,2006,Games,PG-13,27,7,6.0,0.99,27.99,Less than 10%
200,201,CYCLONE FAMILY,2006,Foreign,PG,15,7,5.0,2.99,18.99,11-25%
201,202,DADDY PITTSBURGH,2006,Comedy,G,13,5,5.0,4.99,26.99,11-25%
202,203,DAISY MENAGERIE,2006,Sci-Fi,G,16,5,4.0,4.99,9.99,26-50%
203,204,DALMATIONS SWEDEN,2006,Drama,PG,20,4,5.0,0.99,25.99,Less than 10%
204,205,DANCES NONE,2006,Action,NC-17,14,3,4.0,0.99,22.99,Less than 10%
205,206,DANCING FEVER,2006,Documentary,G,27,6,6.0,0.99,25.99,Less than 10%
206,207,DANGEROUS UPTOWN,2006,Foreign,PG,12,7,6.0,4.99,26.99,11-25%
207,208,DARES PLUTO,2006,Animation,PG-13,9,7,5.0,2.99,16.99,11-25%
208,209,DARKNESS WAR,2006,Drama,NC-17,13,6,6.0,2.99,24.99,11-25%
209,210,DARKO DORADO,2006,Action,NC-17,11,3,5.0,4.99,13.99,26-50%
210,211,DARLING BREAKING,2006,Games,PG-13,9,7,5.0,4.99,20.99,11-25%
211,212,DARN FORRESTER,2006,Action,G,18,7,6.0,4.99,14.99,26-50%
212,213,DATE SPEED,2006,Family,R,13,4,6.0,0.99,19.99,Less than 10%
213,214,DAUGHTER MADIGAN,2006,Children,PG-13,9,3,6.0,4.99,13.99,26-50%
214,215,DAWN POND,2006,Games,PG,18,4,6.0,4.99,27.99,11-25%
215,216,DAY UNFAITHFUL,2006,New,G,14,3,6.0,4.99,16.99,26-50%
216,217,DAZED PUNK,2006,Games,G,0,6,,4.99,20.99,11-25%
217,218,DECEIVER BETRAYED,2006,Drama,NC-17,21,7,4.0,0.99,22.99,Less than 10%
218,219,DEEP CRUSADE,2006,Documentary,PG-13,14,6,6.0,4.99,20.99,11-25%
219,220,DEER VIRGINIAN,2006,Music,NC-17,29,7,5.0,2.99,13.99,11-25%
220,221,DELIVERANCE MULHOLLAND,2006,Documentary,R,0,4,,0.99,9.99,Less than 10%
221,222,DESERT POSEIDON,2006,Horror,R,19,4,5.0,4.99,27.99,11-25%
222,223,DESIRE ALIEN,2006,Animation,NC-17,8,7,4.0,2.99,24.99,11-25%
223,224,DESPERATE TRAINSPOTTING,2006,Travel,G,6,7,4.0,4.99,29.99,11-25%
224,225,DESTINATION JERK,2006,Drama,PG-13,8,3,6.0,0.99,19.99,Less than 10%
225,226,DESTINY SATURDAY,2006,New,G,16,4,4.0,4.99,20.99,11-25%
226,227,DETAILS PACKER,2006,Games,R,19,4,6.0,4.99,17.99,26-50%
227,228,DETECTIVE VISION,2006,Classics,PG-13,27,4,5.0,0.99,16.99,Less than 10%
228,229,DEVIL DESIRE,2006,Action,R,15,6,5.0,4.99,12.99,26-50%
229,230,DIARY PANIC,2006,Drama,G,9,7,5.0,2.99,20.99,11-25%
230,231,DINOSAUR SECRETARY,2006,Family,R,20,7,6.0,2.99,27.99,11-25%
231,232,DIRTY ACE,2006,Games,NC-17,15,7,5.0,2.99,29.99,Less than 10%
232,233,DISCIPLE MOTHER,2006,Travel,PG,19,3,4.0,0.99,17.99,Less than 10%
233,234,DISTURBING SCARFACE,2006,Sci-Fi,R,26,6,5.0,2.99,27.99,11-25%
234,235,DIVIDE MONSTER,2006,Sci-Fi,PG-13,21,6,5.0,2.99,13.99,11-25%
235,236,DIVINE RESURRECTION,2006,Games,R,15,4,5.0,2.99,19.99,11-25%
236,237,DIVORCE SHINING,2006,Sports,G,7,3,4.0,2.99,21.99,11-25%
237,238,DOCTOR GRAIL,2006,Children,G,7,4,5.0,2.99,29.99,Less than 10%
238,239,DOGMA FAMILY,2006,Animation,G,30,5,5.0,4.99,16.99,26-50%
239,240,DOLLS RAGE,2006,Sci-Fi,PG-13,9,7,6.0,2.99,10.99,26-50%
240,241,DONNIE ALLEY,2006,Animation,NC-17,14,4,5.0,0.99,20.99,Less than 10%
241,242,DOOM DANCING,2006,Comedy,R,21,4,6.0,0.99,13.99,Less than 10%
242,243,DOORS PRESIDENT,2006,Animation,NC-17,19,3,4.0,4.99,22.99,11-25%
243,244,DORADO NOTTING,2006,Music,NC-17,27,5,6.0,4.99,26.99,11-25%
244,245,DOUBLE WRATH,2006,Animation,R,25,4,5.0,0.99,28.99,Less than 10%
245,246,DOUBTFIRE LABYRINTH,2006,Foreign,R,10,5,4.0,4.99,16.99,26-50%
246,247,DOWNHILL ENOUGH,2006,Comedy,G,25,3,5.0,0.99,19.99,Less than 10%
247,248,DOZEN LION,2006,Documentary,NC-17,7,6,4.0,4.99,20.99,11-25%
248,249,DRACULA CRYSTAL,2006,Classics,G,21,7,5.0,0.99,26.99,Less than 10%
249,250,DRAGON SQUAD,2006,Action,NC-17,11,4,5.0,0.99,26.99,Less than 10%
250,251,DRAGONFLY STRANGERS,2006,New,NC-17,18,6,5.0,4.99,19.99,11-25%
251,252,DREAM PICKUP,2006,Action,PG,22,6,5.0,2.99,18.99,11-25%
252,253,DRIFTER COMMANDMENTS,2006,Action,PG-13,24,5,5.0,4.99,18.99,26-50%
253,254,DRIVER ANNIE,2006,Sports,PG-13,18,4,4.0,2.99,11.99,11-25%
254,255,DRIVING POLISH,2006,Music,NC-17,21,6,5.0,4.99,21.99,11-25%
255,256,DROP WATERFRONT,2006,Sports,R,9,6,5.0,4.99,20.99,11-25%
256,257,DRUMLINE CYCLONE,2006,Travel,G,11,3,5.0,0.99,14.99,Less than 10%
257,258,DRUMS DYNAMITE,2006,Horror,PG,13,6,6.0,0.99,11.99,Less than 10%
258,259,DUCK RACER,2006,Animation,NC-17,6,4,4.0,2.99,15.99,11-25%
259,260,DUDE BLINDNESS,2006,Sports,G,16,3,4.0,4.99,9.99,26-50%
260,261,DUFFEL APOCALYPSE,2006,Documentary,G,7,5,2.0,0.99,13.99,Less than 10%
261,262,DUMBO LUST,2006,Family,NC-17,6,5,5.0,0.99,17.99,Less than 10%
262,263,DURHAM PANKY,2006,Sports,R,26,6,5.0,4.99,14.99,26-50%
263,264,DWARFS ALTER,2006,Games,G,9,6,5.0,2.99,13.99,11-25%
264,265,DYING MAKER,2006,Comedy,PG,17,5,4.0,4.99,28.99,11-25%
265,266,DYNAMITE TARZAN,2006,Classics,PG-13,25,4,5.0,0.99,27.99,Less than 10%
266,267,EAGLES PANKY,2006,New,NC-17,22,4,5.0,4.99,14.99,26-50%
267,268,EARLY HOME,2006,Animation,NC-17,7,6,6.0,4.99,27.99,11-25%
268,269,EARRING INSTINCT,2006,Family,R,19,3,5.0,0.99,22.99,Less than 10%
269,270,EARTH VISION,2006,New,NC-17,23,7,6.0,0.99,29.99,Less than 10%
270,271,EASY GLADIATOR,2006,Action,G,23,5,6.0,4.99,12.99,26-50%
271,272,EDGE KISSING,2006,Drama,NC-17,15,5,5.0,4.99,9.99,26-50%
272,273,EFFECT GLADIATOR,2006,Family,PG,25,6,6.0,0.99,14.99,Less than 10%
273,274,EGG IGBY,2006,Documentary,PG,21,4,6.0,2.99,20.99,11-25%
274,275,EGYPT TENENBAUMS,2006,Horror,PG,17,3,6.0,0.99,11.99,Less than 10%
275,276,ELEMENT FREDDY,2006,Comedy,NC-17,10,6,5.0,4.99,28.99,11-25%
276,277,ELEPHANT TROJAN,2006,Horror,PG-13,14,4,5.0,4.99,24.99,11-25%
277,278,ELF MURDER,2006,Music,NC-17,7,4,4.0,4.99,19.99,11-25%
278,279,ELIZABETH SHANE,2006,Sports,NC-17,10,7,5.0,4.99,11.99,26-50%
279,280,EMPIRE MALKOVICH,2006,Children,G,21,7,6.0,0.99,26.99,Less than 10%
280,281,ENCINO ELF,2006,Games,G,19,6,5.0,0.99,9.99,Less than 10%
281,282,ENCOUNTERS CURTAIN,2006,Drama,NC-17,19,5,5.0,0.99,20.99,Less than 10%
282,283,ENDING CROWDS,2006,New,NC-17,11,6,5.0,0.99,10.99,Less than 10%
283,284,ENEMY ODDS,2006,Music,NC-17,29,5,5.0,4.99,23.99,11-25%
284,285,ENGLISH BULWORTH,2006,Sci-Fi,PG-13,30,3,5.0,0.99,18.99,Less than 10%
285,286,ENOUGH RAGING,2006,Travel,NC-17,18,7,6.0,2.99,16.99,11-25%
286,287,ENTRAPMENT SATISFACTION,2006,Action,R,15,5,6.0,0.99,19.99,Less than 10%
287,288,ESCAPE METROPOLIS,2006,Travel,R,25,7,5.0,2.99,20.99,11-25%
288,289,EVE RESURRECTION,2006,New,G,7,5,5.0,4.99,25.99,11-25%
289,290,EVERYONE CRAFT,2006,Foreign,PG,13,4,4.0,0.99,29.99,Less than 10%
290,291,EVOLUTION ALTER,2006,Sports,PG-13,12,5,5.0,0.99,10.99,Less than 10%
291,292,EXCITEMENT EVE,2006,Action,G,21,3,5.0,0.99,20.99,Less than 10%
292,293,EXORCIST STING,2006,Sports,G,13,6,5.0,2.99,17.99,11-25%
293,294,EXPECATIONS NATURAL,2006,Travel,PG-13,18,5,5.0,4.99,26.99,11-25%
294,295,EXPENDABLE STALLION,2006,Documentary,PG,28,3,5.0,0.99,14.99,Less than 10%
295,296,EXPRESS LONELY,2006,Sci-Fi,R,13,5,4.0,2.99,23.99,11-25%
296,297,EXTRAORDINARY CONQUERER,2006,Classics,G,6,6,5.0,2.99,29.99,Less than 10%
297,298,EYES DRIVING,2006,Sci-Fi,PG-13,19,4,5.0,2.99,13.99,11-25%
298,299,FACTORY DRAGON,2006,Travel,PG-13,17,4,4.0,0.99,9.99,Less than 10%
299,300,FALCON VOLUME,2006,Animation,PG-13,22,5,5.0,4.99,21.99,11-25%
300,301,FAMILY SWEET,2006,Horror,R,29,4,5.0,0.99,24.99,Less than 10%
301,302,FANTASIA PARK,2006,Games,G,19,5,5.0,2.99,29.99,Less than 10%
302,303,FANTASY TROOPERS,2006,Action,PG-13,26,6,5.0,0.99,27.99,Less than 10%
303,304,FARGO GANDHI,2006,Children,G,24,3,4.0,2.99,28.99,11-25%
304,305,FATAL HAUNTED,2006,New,PG,28,6,5.0,2.99,24.99,11-25%
305,306,FEATHERS METAL,2006,Games,PG-13,11,3,6.0,0.99,12.99,Less than 10%
306,307,FELLOWSHIP AUTUMN,2006,Travel,NC-17,26,6,6.0,4.99,9.99,26-50%
307,308,FERRIS MOTHER,2006,Comedy,PG,17,3,4.0,2.99,13.99,11-25%
308,309,FEUD FROGMEN,2006,Family,R,25,6,5.0,0.99,29.99,Less than 10%
309,310,FEVER EMPIRE,2006,Games,R,5,5,6.0,4.99,20.99,11-25%
310,311,FICTION CHRISTMAS,2006,Foreign,PG,19,4,6.0,0.99,14.99,Less than 10%
311,312,FIDDLER LOST,2006,Sci-Fi,R,10,4,5.0,4.99,20.99,11-25%
312,313,FIDELITY DEVIL,2006,Horror,G,21,5,5.0,4.99,11.99,26-50%
313,314,FIGHT JAWBREAKER,2006,Animation,R,22,3,4.0,0.99,13.99,Less than 10%
314,315,FINDING ANACONDA,2006,Family,R,12,4,5.0,0.99,10.99,Less than 10%
315,316,FIRE WOLVES,2006,Games,R,7,5,5.0,4.99,18.99,26-50%
316,317,FIREBALL PHILADELPHIA,2006,Comedy,PG,21,4,6.0,0.99,25.99,Less than 10%
317,318,FIREHOUSE VIETNAM,2006,Action,G,0,7,,0.99,14.99,Less than 10%
318,319,FISH OPUS,2006,Sci-Fi,R,25,4,5.0,2.99,22.99,11-25%
319,320,FLAMINGOS CONNECTICUT,2006,New,PG-13,23,4,4.0,4.99,28.99,11-25%
320,321,FLASH WARS,2006,New,NC-17,13,3,5.0,4.99,21.99,11-25%
321,322,FLATLINERS KILLER,2006,Sports,G,22,5,5.0,2.99,29.99,Less than 10%
322,323,FLIGHT LIES,2006,Sports,R,12,7,7.0,4.99,22.99,11-25%
323,324,FLINTSTONES HAPPINESS,2006,Comedy,PG-13,17,3,6.0,4.99,11.99,26-50%
324,325,FLOATS GARDEN,2006,Animation,PG-13,0,6,,2.99,29.99,Less than 10%
325,326,FLYING HOOK,2006,Animation,NC-17,20,6,6.0,2.99,18.99,11-25%
326,327,FOOL MOCKINGBIRD,2006,Action,PG,23,3,5.0,4.99,24.99,11-25%
327,328,FOREVER CANDIDATE,2006,Children,NC-17,13,7,5.0,2.99,28.99,11-25%
328,329,FORREST SONS,2006,Action,R,18,4,5.0,2.99,15.99,11-25%
329,330,FORRESTER COMANCHEROS,2006,Animation,NC-17,27,7,5.0,4.99,22.99,11-25%
330,331,FORWARD TEMPLE,2006,Games,NC-17,32,6,6.0,2.99,25.99,11-25%
331,332,FRANKENSTEIN STRANGER,2006,Comedy,NC-17,0,7,,0.99,16.99,Less than 10%
332,333,FREAKY POCUS,2006,Music,R,17,7,4.0,2.99,16.99,11-25%
333,334,FREDDY STORM,2006,Horror,NC-17,23,6,5.0,4.99,21.99,11-25%
334,335,FREEDOM CLEOPATRA,2006,Comedy,PG-13,5,5,3.0,0.99,23.99,Less than 10%
335,336,FRENCH HOLIDAY,2006,Documentary,PG,17,5,5.0,4.99,22.99,11-25%
336,337,FRIDA SLIPPER,2006,Foreign,R,11,6,6.0,2.99,11.99,11-25%
337,338,FRISCO FORREST,2006,Sci-Fi,PG,9,6,6.0,4.99,23.99,11-25%
338,339,FROGMEN BREAKING,2006,Travel,R,10,5,5.0,0.99,17.99,Less than 10%
339,340,FRONTIER CABIN,2006,New,PG-13,6,6,6.0,4.99,14.99,26-50%
340,341,FROST HEAD,2006,Classics,PG,30,5,6.0,0.99,13.99,Less than 10%
341,342,FUGITIVE MAGUIRE,2006,Travel,R,11,7,4.0,4.99,28.99,11-25%
342,343,FULL FLATLINERS,2006,Children,PG,5,6,4.0,2.99,14.99,11-25%
343,344,FURY MURDER,2006,Children,PG-13,19,3,5.0,0.99,28.99,Less than 10%
344,345,GABLES METROPOLIS,2006,Family,PG,19,3,5.0,0.99,17.99,Less than 10%
345,346,GALAXY SWEETHEARTS,2006,Classics,R,18,4,4.0,4.99,13.99,26-50%
346,347,GAMES BOWFINGER,2006,Travel,PG-13,14,7,4.0,4.99,17.99,26-50%
347,348,GANDHI KWAI,2006,Family,PG-13,17,7,5.0,0.99,9.99,Less than 10%
348,349,GANGS PRIDE,2006,Animation,PG-13,27,4,4.0,2.99,27.99,11-25%
349,350,GARDEN ISLAND,2006,Sci-Fi,G,20,3,5.0,4.99,21.99,11-25%
350,351,GASLIGHT CRUSADE,2006,Horror,PG,16,4,4.0,2.99,10.99,26-50%
351,352,GATHERING CALENDAR,2006,Games,PG-13,11,4,4.0,0.99,22.99,Less than 10%
352,353,GENTLEMEN STAGE,2006,Foreign,NC-17,23,6,5.0,2.99,22.99,11-25%
353,354,GHOST GROUNDHOG,2006,Children,G,21,6,5.0,4.99,18.99,26-50%
354,355,GHOSTBUSTERS ELF,2006,Animation,R,9,7,5.0,0.99,18.99,Less than 10%
355,356,GIANT TROOPERS,2006,Children,R,28,5,4.0,2.99,10.99,26-50%
356,357,GILBERT PELICAN,2006,Classics,G,9,7,7.0,0.99,13.99,Less than 10%
357,358,GILMORE BOILED,2006,Classics,R,28,5,5.0,0.99,29.99,Less than 10%
358,359,GLADIATOR WESTWARD,2006,Family,PG,0,6,,4.99,20.99,11-25%
359,360,GLASS DYING,2006,Action,G,14,4,6.0,0.99,24.99,Less than 10%
360,361,GLEAMING JAWBREAKER,2006,Sports,NC-17,29,5,6.0,2.99,25.99,11-25%
361,362,GLORY TRACY,2006,Games,PG-13,5,7,4.0,2.99,13.99,11-25%
362,363,GO PURPLE,2006,Music,R,20,3,4.0,0.99,12.99,Less than 10%
363,364,GODFATHER DIARY,2006,New,NC-17,8,3,5.0,2.99,14.99,11-25%
364,365,GOLD RIVER,2006,Comedy,R,14,4,5.0,4.99,21.99,11-25%
365,366,GOLDFINGER SENSIBILITY,2006,Drama,G,24,3,5.0,0.99,29.99,Less than 10%
366,367,GOLDMINE TYCOON,2006,Sci-Fi,R,27,6,5.0,0.99,20.99,Less than 10%
367,368,GONE TROUBLE,2006,Drama,R,10,7,6.0,2.99,20.99,11-25%
368,369,GOODFELLAS SALUTE,2006,Sci-Fi,PG,31,4,5.0,4.99,22.99,11-25%
369,370,GORGEOUS BINGO,2006,Children,R,19,4,7.0,2.99,26.99,11-25%
370,371,GOSFORD DONNIE,2006,Action,G,8,5,4.0,4.99,17.99,26-50%
371,372,GRACELAND DYNAMITE,2006,Sports,R,6,5,5.0,4.99,26.99,11-25%
372,373,GRADUATE LORD,2006,Children,G,16,7,5.0,2.99,14.99,11-25%
373,374,GRAFFITI LOVE,2006,Sci-Fi,PG,30,3,4.0,0.99,29.99,Less than 10%
374,375,GRAIL FRANKENSTEIN,2006,Action,NC-17,10,4,6.0,2.99,17.99,11-25%
375,376,GRAPES FURY,2006,Foreign,G,22,4,4.0,0.99,20.99,Less than 10%
376,377,GREASE YOUTH,2006,Family,G,21,7,4.0,0.99,20.99,Less than 10%
377,378,GREATEST NORTH,2006,Music,NC-17,29,5,5.0,2.99,24.99,11-25%
378,379,GREEDY ROOTS,2006,Drama,R,14,7,3.0,0.99,14.99,Less than 10%
379,380,GREEK EVERYONE,2006,Foreign,PG,17,7,5.0,2.99,11.99,11-25%
380,381,GRINCH MASSAGE,2006,Games,R,14,7,5.0,4.99,25.99,11-25%
381,382,GRIT CLOCKWORK,2006,Games,PG,32,3,5.0,0.99,21.99,Less than 10%
382,383,GROOVE FICTION,2006,Sports,NC-17,18,6,6.0,0.99,13.99,Less than 10%
383,384,GROSSE WONDERFUL,2006,Music,R,8,5,5.0,4.99,19.99,11-25%
384,385,GROUNDHOG UNCUT,2006,Comedy,PG-13,18,6,5.0,4.99,26.99,11-25%
385,386,GUMP DATE,2006,Travel,NC-17,0,3,,4.99,12.99,26-50%
386,387,GUN BONNIE,2006,Games,G,25,7,6.0,0.99,27.99,Less than 10%
387,388,GUNFIGHT MOON,2006,Comedy,NC-17,24,5,6.0,0.99,16.99,Less than 10%
388,389,GUNFIGHTER MUSSOLINI,2006,Sports,PG-13,12,3,6.0,2.99,9.99,26-50%
389,390,GUYS FALCON,2006,Sci-Fi,R,9,4,5.0,4.99,20.99,11-25%
390,391,HALF OUTFIELD,2006,Family,PG-13,26,6,5.0,2.99,25.99,11-25%
391,392,HALL CASSIDY,2006,Children,NC-17,16,5,5.0,4.99,13.99,26-50%
392,393,HALLOWEEN NUTS,2006,Documentary,PG-13,10,6,5.0,2.99,19.99,11-25%
393,394,HAMLET WISDOM,2006,Sci-Fi,R,14,7,6.0,2.99,21.99,11-25%
394,395,HANDICAP BOONDOCK,2006,Action,R,28,4,5.0,0.99,28.99,Less than 10%
395,396,HANGING DEEP,2006,Drama,G,19,5,5.0,4.99,18.99,26-50%
396,397,HANKY OCTOBER,2006,Sci-Fi,NC-17,26,5,6.0,2.99,26.99,11-25%
397,398,HANOVER GALAXY,2006,Music,NC-17,17,5,4.0,4.99,21.99,11-25%
398,399,HAPPINESS UNITED,2006,Foreign,G,6,6,5.0,2.99,23.99,11-25%
399,400,HARDLY ROBBERS,2006,Documentary,R,4,7,7.0,2.99,15.99,11-25%
400,401,HAROLD FRENCH,2006,Drama,NC-17,8,6,3.0,0.99,10.99,Less than 10%
401,402,HARPER DYING,2006,Animation,G,20,3,6.0,0.99,15.99,Less than 10%
402,403,HARRY IDAHO,2006,Drama,PG-13,30,5,6.0,4.99,18.99,26-50%
403,404,HATE HANDICAP,2006,Comedy,PG,0,4,,0.99,26.99,Less than 10%
404,405,HAUNTED ANTITRUST,2006,Travel,NC-17,6,6,4.0,4.99,13.99,26-50%
405,406,HAUNTING PIANIST,2006,Games,R,22,5,5.0,0.99,22.99,Less than 10%
406,407,HAWK CHILL,2006,Documentary,PG-13,7,5,5.0,0.99,12.99,Less than 10%
407,408,HEAD STRANGER,2006,Games,R,22,4,5.0,4.99,28.99,11-25%
408,409,HEARTBREAKERS BRIGHT,2006,Children,G,20,3,4.0,4.99,9.99,26-50%
409,410,HEAVEN FREEDOM,2006,Comedy,PG,18,7,5.0,2.99,19.99,11-25%
410,411,HEAVENLY GUN,2006,Music,NC-17,7,5,5.0,4.99,13.99,26-50%
411,412,HEAVYWEIGHTS BEAST,2006,Documentary,G,23,6,5.0,4.99,25.99,11-25%
412,413,HEDWIG ALTER,2006,Comedy,NC-17,12,7,4.0,2.99,16.99,11-25%
413,414,HELLFIGHTERS SIERRA,2006,Foreign,PG,20,3,4.0,2.99,23.99,11-25%
414,415,HIGH ENCINO,2006,Horror,R,22,3,5.0,2.99,23.99,11-25%
415,416,HIGHBALL POTTER,2006,Foreign,R,21,6,5.0,0.99,10.99,Less than 10%
416,417,HILLS NEIGHBORS,2006,Action,G,25,5,6.0,0.99,29.99,Less than 10%
417,418,HOBBIT ALIEN,2006,Drama,PG-13,31,5,6.0,0.99,27.99,Less than 10%
418,419,HOCUS FRIDA,2006,Family,G,0,4,,2.99,19.99,11-25%
419,420,HOLES BRANNIGAN,2006,Sports,PG,15,7,5.0,4.99,27.99,11-25%
420,421,HOLIDAY GAMES,2006,Foreign,PG-13,15,7,5.0,4.99,10.99,26-50%
421,422,HOLLOW JEOPARDY,2006,Sci-Fi,NC-17,10,7,4.0,4.99,25.99,11-25%
422,423,HOLLYWOOD ANONYMOUS,2006,Children,PG,13,7,4.0,0.99,29.99,Less than 10%
423,424,HOLOCAUST HIGHBALL,2006,Children,R,17,6,5.0,0.99,12.99,Less than 10%
424,425,HOLY TADPOLE,2006,Classics,R,9,6,5.0,0.99,20.99,Less than 10%
425,426,HOME PITY,2006,Music,R,14,7,6.0,4.99,15.99,26-50%
426,427,HOMEWARD CIDER,2006,Documentary,R,16,5,4.0,0.99,19.99,Less than 10%
427,428,HOMICIDE PEACH,2006,Family,PG-13,22,6,4.0,2.99,21.99,11-25%
428,429,HONEY TIES,2006,Sports,R,19,3,5.0,0.99,29.99,Less than 10%
429,430,HOOK CHARIOTS,2006,Animation,G,13,7,5.0,0.99,23.99,Less than 10%
430,431,HOOSIERS BIRDCAGE,2006,Foreign,G,8,3,5.0,2.99,12.99,11-25%
431,432,HOPE TOOTSIE,2006,Classics,NC-17,18,4,4.0,2.99,22.99,11-25%
432,433,HORN WORKING,2006,Animation,PG,24,4,5.0,2.99,23.99,11-25%
433,434,HORROR REIGN,2006,Travel,R,27,3,5.0,0.99,25.99,Less than 10%
434,435,HOTEL HAPPINESS,2006,Foreign,PG-13,9,6,4.0,4.99,28.99,11-25%
435,436,HOURS RAGE,2006,New,NC-17,19,4,5.0,0.99,14.99,Less than 10%
436,437,HOUSE DYNAMITE,2006,Family,R,23,7,5.0,2.99,13.99,11-25%
437,438,HUMAN GRAFFITI,2006,Games,NC-17,15,3,5.0,2.99,22.99,11-25%
438,439,HUNCHBACK IMPOSSIBLE,2006,Drama,PG-13,20,4,5.0,4.99,28.99,11-25%
439,440,HUNGER ROOF,2006,Foreign,G,13,6,6.0,0.99,21.99,Less than 10%
440,441,HUNTER ALTER,2006,Documentary,PG-13,5,5,7.0,2.99,21.99,11-25%
441,442,HUNTING MUSKETEERS,2006,Family,NC-17,15,6,5.0,2.99,24.99,11-25%
442,443,HURRICANE AFFAIR,2006,Comedy,PG,24,6,5.0,2.99,11.99,11-25%
443,444,HUSTLER PARTY,2006,Comedy,NC-17,22,3,7.0,4.99,22.99,11-25%
444,445,HYDE DOCTOR,2006,Classics,G,26,5,4.0,2.99,11.99,11-25%
445,446,HYSTERICAL GRAIL,2006,Sports,PG,15,5,4.0,4.99,19.99,11-25%
446,447,ICE CROSSING,2006,Games,R,24,5,5.0,2.99,28.99,11-25%
447,448,IDAHO LOVE,2006,New,PG-13,17,3,4.0,2.99,25.99,11-25%
448,449,IDENTITY LOVER,2006,Sci-Fi,PG-13,13,4,5.0,2.99,12.99,11-25%
449,450,IDOLS SNATCHERS,2006,Children,NC-17,30,5,5.0,2.99,29.99,Less than 10%
450,451,IGBY MAKER,2006,Travel,NC-17,19,7,5.0,4.99,12.99,26-50%
451,452,ILLUSION AMELIE,2006,Foreign,R,15,4,5.0,0.99,15.99,Less than 10%
452,453,IMAGE PRINCESS,2006,Sports,PG-13,14,3,5.0,2.99,17.99,11-25%
453,454,IMPACT ALADDIN,2006,Music,PG-13,9,6,7.0,0.99,20.99,Less than 10%
454,455,IMPOSSIBLE PREJUDICE,2006,Foreign,NC-17,14,7,5.0,4.99,11.99,26-50%
455,456,INCH JET,2006,Animation,NC-17,18,6,5.0,4.99,18.99,26-50%
456,457,INDEPENDENCE HOTEL,2006,Documentary,NC-17,19,5,5.0,0.99,21.99,Less than 10%
457,458,INDIAN LOVE,2006,Family,NC-17,16,4,6.0,0.99,26.99,Less than 10%
458,459,INFORMER DOUBLE,2006,Foreign,NC-17,5,4,3.0,4.99,23.99,11-25%
459,460,INNOCENT USUAL,2006,Foreign,PG-13,26,3,5.0,4.99,26.99,11-25%
460,461,INSECTS STONE,2006,Animation,NC-17,18,3,3.0,0.99,14.99,Less than 10%
461,462,INSIDER ARIZONA,2006,Music,NC-17,20,5,4.0,2.99,17.99,11-25%
462,463,INSTINCT AIRPORT,2006,Sports,PG,18,4,4.0,2.99,21.99,11-25%
463,464,INTENTIONS EMPIRE,2006,Animation,PG-13,17,3,5.0,2.99,13.99,11-25%
464,465,INTERVIEW LIAISONS,2006,New,R,20,4,5.0,4.99,17.99,26-50%
465,466,INTOLERABLE INTENTIONS,2006,Documentary,PG-13,9,6,5.0,4.99,20.99,11-25%
466,467,INTRIGUE WORST,2006,Foreign,G,20,6,5.0,0.99,10.99,Less than 10%
467,468,INVASION CYCLONE,2006,Children,PG,27,5,5.0,2.99,12.99,11-25%
468,469,IRON MOON,2006,Classics,PG,11,7,4.0,4.99,27.99,11-25%
469,470,ISHTAR ROCKETEER,2006,Animation,R,7,4,6.0,4.99,24.99,11-25%
470,471,ISLAND EXORCIST,2006,Classics,NC-17,26,7,5.0,2.99,23.99,11-25%
471,472,ITALIAN AFRICAN,2006,Travel,G,6,3,4.0,4.99,24.99,11-25%
472,473,JACKET FRISCO,2006,Drama,PG-13,18,5,5.0,2.99,16.99,11-25%
473,474,JADE BUNCH,2006,Sports,NC-17,18,6,4.0,2.99,21.99,11-25%
474,475,JAPANESE RUN,2006,Horror,G,6,6,4.0,0.99,29.99,Less than 10%
475,476,JASON TRAP,2006,Family,NC-17,24,5,5.0,2.99,9.99,26-50%
476,477,JAWBREAKER BROOKLYN,2006,Music,PG,10,5,3.0,0.99,15.99,Less than 10%
477,478,JAWS HARRY,2006,Comedy,G,14,4,5.0,2.99,10.99,26-50%
478,479,JEDI BENEATH,2006,Family,PG,19,7,5.0,0.99,12.99,Less than 10%
479,480,JEEPERS WEDDING,2006,Classics,R,16,3,5.0,2.99,29.99,Less than 10%
480,481,JEKYLL FROGMEN,2006,New,PG,17,4,5.0,2.99,22.99,11-25%
481,482,JEOPARDY ENCINO,2006,Classics,R,10,3,4.0,0.99,12.99,Less than 10%
482,483,JERICHO MULAN,2006,Games,NC-17,17,3,6.0,2.99,29.99,Less than 10%
483,484,JERK PAYCHECK,2006,Classics,NC-17,20,3,5.0,2.99,13.99,11-25%
484,485,JERSEY SASSY,2006,Children,PG,6,6,6.0,4.99,16.99,26-50%
485,486,JET NEIGHBORS,2006,Foreign,R,20,7,6.0,4.99,14.99,26-50%
486,487,JINGLE SAGEBRUSH,2006,Classics,PG-13,13,6,4.0,4.99,29.99,11-25%
487,488,JOON NORTHWEST,2006,Sports,NC-17,17,3,4.0,0.99,23.99,Less than 10%
488,489,JUGGLER HARDLY,2006,Animation,PG-13,32,4,6.0,0.99,14.99,Less than 10%
489,490,JUMANJI BLADE,2006,New,G,8,4,4.0,2.99,13.99,11-25%
490,491,JUMPING WRATH,2006,Children,NC-17,24,4,6.0,0.99,18.99,Less than 10%
491,492,JUNGLE CLOSER,2006,New,NC-17,9,6,6.0,0.99,11.99,Less than 10%
492,493,KANE EXORCIST,2006,Foreign,R,14,5,4.0,0.99,18.99,Less than 10%
493,494,KARATE MOON,2006,Horror,PG-13,23,4,5.0,0.99,21.99,Less than 10%
494,495,KENTUCKIAN GIANT,2006,Horror,PG,0,5,,2.99,10.99,26-50%
495,496,KICK SAVANNAH,2006,Travel,PG-13,20,3,5.0,0.99,10.99,Less than 10%
496,497,KILL BROTHERHOOD,2006,Documentary,G,0,4,,0.99,15.99,Less than 10%
497,498,KILLER INNOCENT,2006,Family,R,6,7,6.0,2.99,11.99,11-25%
498,499,KING EVOLUTION,2006,Family,NC-17,9,3,5.0,4.99,24.99,11-25%
499,500,KISS GLORY,2006,Foreign,PG-13,22,5,5.0,4.99,11.99,26-50%
500,501,KISSING DOLLS,2006,Action,R,20,3,5.0,4.99,9.99,26-50%
501,502,KNOCK WARLOCK,2006,Comedy,PG-13,24,4,6.0,2.99,21.99,11-25%
502,503,KRAMER CHOCOLATE,2006,Sports,R,9,3,5.0,2.99,24.99,11-25%
503,504,KWAI HOMEWARD,2006,Drama,PG-13,23,5,5.0,0.99,25.99,Less than 10%
504,505,LABYRINTH LEAGUE,2006,Children,PG-13,15,6,4.0,2.99,24.99,11-25%
505,506,LADY STAGE,2006,Horror,PG,17,4,5.0,4.99,14.99,26-50%
506,507,LADYBUGS ARMAGEDDON,2006,Games,NC-17,6,4,6.0,0.99,13.99,Less than 10%
507,508,LAMBS CINCINATTI,2006,Games,PG-13,10,6,5.0,4.99,18.99,26-50%
508,509,LANGUAGE COWBOY,2006,Children,NC-17,11,5,5.0,0.99,26.99,Less than 10%
509,510,LAWLESS VISION,2006,Animation,G,17,6,4.0,4.99,29.99,11-25%
510,511,LAWRENCE LOVE,2006,Action,NC-17,13,7,5.0,0.99,23.99,Less than 10%
511,512,LEAGUE HELLFIGHTERS,2006,Classics,PG-13,17,5,5.0,4.99,25.99,11-25%
512,513,LEATHERNECKS DWARFS,2006,Travel,PG-13,7,6,5.0,2.99,21.99,11-25%
513,514,LEBOWSKI SOLDIERS,2006,Drama,PG-13,21,6,4.0,2.99,17.99,11-25%
514,515,LEGALLY SECRETARY,2006,Children,PG,9,7,4.0,4.99,14.99,26-50%
515,516,LEGEND JEDI,2006,Music,PG,9,7,6.0,0.99,18.99,Less than 10%
516,517,LESSON CLEOPATRA,2006,Sports,NC-17,7,3,5.0,0.99,28.99,Less than 10%
517,518,LIAISONS SWEET,2006,Travel,PG,22,5,5.0,4.99,15.99,26-50%
518,519,LIBERTY MAGNIFICENT,2006,Sports,G,12,3,6.0,2.99,27.99,11-25%
519,520,LICENSE WEEKEND,2006,Sci-Fi,NC-17,7,7,4.0,2.99,28.99,11-25%
520,521,LIES TREATMENT,2006,Drama,NC-17,27,7,5.0,4.99,28.99,11-25%
521,522,LIFE TWISTED,2006,Comedy,NC-17,10,4,5.0,2.99,9.99,26-50%
522,523,LIGHTS DEER,2006,Classics,R,8,7,6.0,0.99,21.99,Less than 10%
523,524,LION UNCUT,2006,Comedy,PG,18,6,5.0,0.99,13.99,Less than 10%
524,525,LOATHING LEGALLY,2006,Classics,R,27,4,5.0,0.99,29.99,Less than 10%
525,526,LOCK REAR,2006,Travel,R,16,7,4.0,2.99,10.99,26-50%
526,527,LOLA AGENT,2006,Horror,PG,24,4,5.0,4.99,24.99,11-25%
527,528,LOLITA WORLD,2006,Family,NC-17,10,4,5.0,2.99,25.99,11-25%
528,529,LONELY ELEPHANT,2006,Comedy,G,15,3,5.0,2.99,12.99,11-25%
529,530,LORD ARIZONA,2006,Action,PG-13,11,5,5.0,2.99,27.99,11-25%
530,531,LOSE INCH,2006,Foreign,R,27,3,5.0,0.99,18.99,Less than 10%
531,532,LOSER HUSTLER,2006,Sports,PG,15,5,5.0,4.99,28.99,11-25%
532,533,LOST BIRD,2006,Foreign,PG-13,12,4,6.0,2.99,21.99,11-25%
533,534,LOUISIANA HARRY,2006,Family,PG-13,17,5,4.0,0.99,18.99,Less than 10%
534,535,LOVE SUICIDES,2006,Horror,R,20,6,5.0,0.99,21.99,Less than 10%
535,536,LOVELY JINGLE,2006,Classics,PG,14,3,4.0,2.99,18.99,11-25%
536,537,LOVER TRUMAN,2006,Classics,G,10,3,6.0,2.99,29.99,Less than 10%
537,538,LOVERBOY ATTACKS,2006,New,PG-13,12,7,6.0,0.99,19.99,Less than 10%
538,539,LUCK OPUS,2006,Drama,NC-17,10,7,5.0,2.99,21.99,11-25%
539,540,LUCKY FLYING,2006,Music,PG-13,13,7,5.0,2.99,10.99,26-50%
540,541,LUKE MUMMY,2006,Animation,NC-17,7,5,5.0,2.99,21.99,11-25%
541,542,LUST LOCK,2006,Action,G,15,3,4.0,2.99,28.99,11-25%
542,543,MADIGAN DORADO,2006,Travel,R,10,5,5.0,4.99,20.99,11-25%
543,544,MADISON TRAP,2006,Documentary,R,15,4,6.0,2.99,11.99,11-25%
544,545,MADNESS ATTACKS,2006,Foreign,PG-13,25,4,5.0,0.99,14.99,Less than 10%
545,546,MADRE GABLES,2006,Games,PG-13,14,7,7.0,2.99,27.99,11-25%
546,547,MAGIC MALLRATS,2006,Children,PG,7,3,4.0,0.99,19.99,Less than 10%
547,548,MAGNIFICENT CHITTY,2006,Classics,R,8,3,6.0,2.99,27.99,11-25%
548,549,MAGNOLIA FORRESTER,2006,Action,PG-13,11,4,6.0,0.99,28.99,Less than 10%
549,550,MAGUIRE APACHE,2006,Family,NC-17,9,6,6.0,2.99,22.99,11-25%
550,551,MAIDEN HOME,2006,New,PG,24,3,5.0,4.99,9.99,26-50%
551,552,MAJESTIC FLOATS,2006,Documentary,PG,17,5,6.0,0.99,15.99,Less than 10%
552,553,MAKER GABLES,2006,Children,PG-13,10,4,5.0,0.99,12.99,Less than 10%
553,554,MALKOVICH PET,2006,Classics,G,26,6,4.0,2.99,22.99,11-25%
554,555,MALLRATS UNITED,2006,Comedy,PG,25,4,6.0,0.99,25.99,Less than 10%
555,556,MALTESE HOPE,2006,Games,PG-13,22,6,5.0,4.99,26.99,11-25%
556,557,MANCHURIAN CURTAIN,2006,Family,PG,15,5,6.0,2.99,27.99,11-25%
557,558,MANNEQUIN WORST,2006,New,PG-13,5,3,4.0,2.99,18.99,11-25%
558,559,MARRIED GO,2006,Sci-Fi,G,30,7,5.0,2.99,22.99,11-25%
559,560,MARS ROMAN,2006,Games,NC-17,19,6,5.0,0.99,21.99,Less than 10%
560,561,MASK PEACH,2006,New,NC-17,17,6,5.0,2.99,26.99,11-25%
561,562,MASKED BUBBLE,2006,Music,PG-13,20,6,4.0,0.99,12.99,Less than 10%
562,563,MASSACRE USUAL,2006,Games,R,30,6,6.0,4.99,16.99,26-50%
563,564,MASSAGE IMAGE,2006,Animation,PG,12,4,5.0,2.99,11.99,11-25%
564,565,MATRIX SNOWMAN,2006,Foreign,PG-13,9,6,4.0,4.99,9.99,26-50%
565,566,MAUDE MOD,2006,Foreign,R,8,6,5.0,0.99,20.99,Less than 10%
566,567,MEET CHOCOLATE,2006,Foreign,G,12,3,5.0,2.99,26.99,11-25%
567,568,MEMENTO ZOOLANDER,2006,Comedy,NC-17,13,4,5.0,4.99,11.99,26-50%
568,569,MENAGERIE RUSHMORE,2006,Animation,G,7,7,5.0,2.99,18.99,11-25%
569,570,MERMAID INSECTS,2006,Sports,NC-17,16,5,5.0,4.99,20.99,11-25%
570,571,METAL ARMAGEDDON,2006,Documentary,PG-13,25,6,6.0,2.99,26.99,11-25%
571,572,METROPOLIS COMA,2006,Sci-Fi,PG-13,26,4,5.0,2.99,9.99,26-50%
572,573,MICROCOSMOS PARADISE,2006,Children,PG-13,13,6,5.0,2.99,22.99,11-25%
573,574,MIDNIGHT WESTWARD,2006,Action,G,17,3,4.0,0.99,19.99,Less than 10%
574,575,MIDSUMMER GROUNDHOG,2006,Documentary,G,22,3,4.0,4.99,27.99,11-25%
575,576,MIGHTY LUCK,2006,Documentary,PG,12,7,6.0,2.99,13.99,11-25%
576,577,MILE MULAN,2006,Sports,PG,13,4,6.0,0.99,10.99,Less than 10%
577,578,MILLION ACE,2006,Classics,PG-13,20,4,5.0,4.99,16.99,26-50%
578,579,MINDS TRUMAN,2006,Action,PG-13,20,3,5.0,4.99,22.99,11-25%
579,580,MINE TITANS,2006,New,PG-13,19,3,6.0,4.99,12.99,26-50%
580,581,MINORITY KISS,2006,Music,G,12,4,5.0,0.99,16.99,Less than 10%
581,582,MIRACLE VIRTUAL,2006,Animation,PG-13,9,3,5.0,2.99,19.99,11-25%
582,583,MISSION ZOOLANDER,2006,Animation,PG-13,18,3,5.0,4.99,26.99,11-25%
583,584,MIXED DOORS,2006,Foreign,PG-13,4,6,6.0,2.99,26.99,11-25%
584,585,MOB DUFFEL,2006,Drama,G,12,4,5.0,0.99,25.99,Less than 10%
585,586,MOCKINGBIRD HOLLYWOOD,2006,Action,PG,24,4,5.0,0.99,27.99,Less than 10%
586,587,MOD SECRETARY,2006,Documentary,NC-17,11,6,5.0,4.99,20.99,11-25%
587,588,MODEL FISH,2006,Children,NC-17,15,4,4.0,4.99,11.99,26-50%
588,589,MODERN DORADO,2006,Documentary,PG,15,3,5.0,0.99,20.99,Less than 10%
589,590,MONEY HAROLD,2006,New,PG,20,3,5.0,2.99,17.99,11-25%
590,591,MONSOON CAUSE,2006,Games,PG,9,6,6.0,4.99,20.99,11-25%
591,592,MONSTER SPARTACUS,2006,Music,PG,15,6,5.0,2.99,28.99,11-25%
592,593,MONTEREY LABYRINTH,2006,Horror,G,13,6,4.0,0.99,13.99,Less than 10%
593,594,MONTEZUMA COMMAND,2006,Action,NC-17,9,6,4.0,0.99,22.99,Less than 10%
594,595,MOON BUNCH,2006,Foreign,PG,29,7,5.0,0.99,20.99,Less than 10%
595,596,MOONSHINE CABIN,2006,Games,PG-13,21,4,5.0,4.99,25.99,11-25%
596,597,MOONWALKER FOOL,2006,Games,G,13,5,6.0,4.99,12.99,26-50%
597,598,MOSQUITO ARMAGEDDON,2006,Sports,G,15,6,5.0,0.99,22.99,Less than 10%
598,599,MOTHER OLEANDER,2006,Sports,R,14,3,7.0,0.99,20.99,Less than 10%
599,600,MOTIONS DETAILS,2006,Horror,PG,16,5,5.0,0.99,16.99,Less than 10%
600,601,MOULIN WAKE,2006,Travel,PG-13,16,4,6.0,0.99,20.99,Less than 10%
601,602,MOURNING PURPLE,2006,Sci-Fi,PG,21,5,5.0,0.99,14.99,Less than 10%
602,603,MOVIE SHAKESPEARE,2006,Family,PG,27,6,5.0,4.99,27.99,11-25%
603,604,MULAN MOON,2006,Comedy,G,13,4,5.0,0.99,10.99,Less than 10%
604,605,MULHOLLAND BEAST,2006,Foreign,PG,7,7,5.0,2.99,13.99,11-25%
605,606,MUMMY CREATURES,2006,Sports,NC-17,16,3,6.0,0.99,15.99,Less than 10%
606,607,MUPPET MILE,2006,Foreign,PG,0,5,,4.99,18.99,26-50%
607,608,MURDER ANTITRUST,2006,Children,PG,23,6,5.0,2.99,11.99,11-25%
608,609,MUSCLE BRIGHT,2006,Travel,G,30,7,4.0,2.99,23.99,11-25%
609,610,MUSIC BOONDOCK,2006,Family,R,19,7,5.0,0.99,17.99,Less than 10%
610,611,MUSKETEERS WAIT,2006,Classics,PG,17,7,5.0,4.99,17.99,26-50%
611,612,MUSSOLINI SPOILERS,2006,Sports,G,5,6,4.0,2.99,10.99,26-50%
612,613,MYSTIC TRUMAN,2006,Comedy,NC-17,10,5,5.0,0.99,19.99,Less than 10%
613,614,NAME DETECTIVE,2006,Games,PG-13,23,5,5.0,4.99,11.99,26-50%
614,615,NASH CHOCOLAT,2006,Animation,PG-13,15,6,6.0,2.99,21.99,11-25%
615,616,NATIONAL STORY,2006,Documentary,NC-17,19,4,4.0,2.99,19.99,11-25%
616,617,NATURAL STOCK,2006,Family,PG-13,13,4,5.0,0.99,24.99,Less than 10%
617,618,NECKLACE OUTBREAK,2006,Drama,PG,15,3,5.0,0.99,21.99,Less than 10%
618,619,NEIGHBORS CHARADE,2006,Sports,R,19,3,6.0,0.99,20.99,Less than 10%
619,620,NEMO CAMPUS,2006,Sci-Fi,NC-17,14,5,5.0,2.99,23.99,11-25%
620,621,NETWORK PEAK,2006,Family,PG-13,31,5,6.0,2.99,23.99,11-25%
621,622,NEWSIES STORY,2006,Documentary,G,7,4,6.0,0.99,25.99,Less than 10%
622,623,NEWTON LABYRINTH,2006,Foreign,PG,17,4,5.0,0.99,9.99,Less than 10%
623,624,NIGHTMARE CHILL,2006,Games,PG,25,3,5.0,4.99,25.99,11-25%
624,625,NONE SPIKING,2006,Sci-Fi,NC-17,27,3,5.0,0.99,18.99,Less than 10%
625,626,NOON PAPI,2006,Children,G,17,5,5.0,2.99,12.99,11-25%
626,627,NORTH TEQUILA,2006,Documentary,NC-17,11,4,4.0,4.99,9.99,26-50%
627,628,NORTHWEST POLISH,2006,Sports,PG,20,5,6.0,2.99,24.99,11-25%
628,629,NOTORIOUS REUNION,2006,Documentary,NC-17,14,7,7.0,0.99,9.99,Less than 10%
629,630,NOTTING SPEAKEASY,2006,Drama,PG-13,10,7,5.0,0.99,19.99,Less than 10%
630,631,NOVOCAINE FLIGHT,2006,Sports,G,19,4,5.0,0.99,11.99,Less than 10%
631,632,NUTS TIES,2006,New,NC-17,9,5,5.0,4.99,10.99,26-50%
632,633,OCTOBER SUBMARINE,2006,Classics,PG-13,11,6,6.0,4.99,10.99,26-50%
633,634,ODDS BOOGIE,2006,Family,NC-17,15,6,5.0,0.99,14.99,Less than 10%
634,635,OKLAHOMA JUMANJI,2006,New,PG,6,7,5.0,0.99,15.99,Less than 10%
635,636,OLEANDER CLUE,2006,Music,PG,10,5,7.0,0.99,12.99,Less than 10%
636,637,OPEN AFRICAN,2006,Sci-Fi,PG,21,7,5.0,4.99,16.99,26-50%
637,638,OPERATION OPERATION,2006,Comedy,G,27,7,5.0,2.99,23.99,11-25%
638,639,OPPOSITE NECKLACE,2006,Family,PG,13,7,5.0,4.99,9.99,26-50%
639,640,OPUS ICE,2006,Foreign,R,11,5,5.0,4.99,21.99,11-25%
640,641,ORANGE GRAPES,2006,Foreign,PG-13,24,4,5.0,0.99,21.99,Less than 10%
641,642,ORDER BETRAYED,2006,Travel,PG-13,0,7,,2.99,13.99,11-25%
642,643,ORIENT CLOSER,2006,Drama,R,17,3,4.0,2.99,22.99,11-25%
643,644,OSCAR GOLD,2006,Animation,PG,25,7,5.0,2.99,29.99,Less than 10%
644,645,OTHERS SOUP,2006,Travel,PG,23,7,5.0,2.99,18.99,11-25%
645,646,OUTBREAK DIVINE,2006,Games,NC-17,23,6,5.0,0.99,12.99,Less than 10%
646,647,OUTFIELD MASSACRE,2006,Music,NC-17,20,4,5.0,0.99,18.99,Less than 10%
647,648,OUTLAW HANKY,2006,Travel,PG-13,14,7,5.0,4.99,17.99,26-50%
648,649,OZ LIAISONS,2006,Animation,R,24,4,4.0,2.99,14.99,11-25%
649,650,PACIFIC AMISTAD,2006,Documentary,G,24,3,4.0,0.99,27.99,Less than 10%
650,651,PACKER MADIGAN,2006,Animation,PG-13,22,3,4.0,0.99,20.99,Less than 10%
651,652,PAJAMA JAWBREAKER,2006,Classics,R,14,3,5.0,0.99,14.99,Less than 10%
652,653,PANIC CLUB,2006,Horror,G,7,3,5.0,4.99,15.99,26-50%
653,654,PANKY SUBMARINE,2006,Games,G,15,4,6.0,4.99,19.99,11-25%
654,655,PANTHER REDS,2006,Sci-Fi,NC-17,15,5,5.0,4.99,22.99,11-25%
655,656,PAPI NECKLACE,2006,Travel,PG,8,3,5.0,0.99,9.99,Less than 10%
656,657,PARADISE SABRINA,2006,Comedy,PG-13,18,5,5.0,2.99,12.99,11-25%
657,658,PARIS WEEKEND,2006,Horror,PG-13,14,7,6.0,2.99,19.99,11-25%
658,659,PARK CITIZEN,2006,Action,PG-13,8,3,5.0,4.99,14.99,26-50%
659,660,PARTY KNOCK,2006,Comedy,PG,13,7,5.0,2.99,11.99,11-25%
660,661,PAST SUICIDES,2006,Foreign,PG-13,13,5,5.0,4.99,17.99,26-50%
661,662,PATHS CONTROL,2006,Drama,PG,10,3,6.0,4.99,9.99,26-50%
662,663,PATIENT SISTER,2006,Classics,NC-17,19,7,4.0,0.99,29.99,Less than 10%
663,664,PATRIOT ROMAN,2006,Action,PG,16,6,6.0,2.99,12.99,11-25%
664,665,PATTON INTERVIEW,2006,Horror,PG,23,4,5.0,2.99,22.99,11-25%
665,666,PAYCHECK WAIT,2006,Drama,PG-13,16,4,5.0,4.99,27.99,11-25%
666,667,PEACH INNOCENT,2006,Sports,PG-13,14,3,6.0,2.99,20.99,11-25%
667,668,PEAK FOREVER,2006,Sports,PG,20,7,5.0,4.99,25.99,11-25%
668,669,PEARL DESTINY,2006,Foreign,NC-17,0,3,,2.99,10.99,26-50%
669,670,PELICAN COMFORTS,2006,Documentary,PG,26,4,6.0,4.99,17.99,26-50%
670,671,PERDITION FARGO,2006,Sports,NC-17,0,7,,4.99,27.99,11-25%
671,672,PERFECT GROOVE,2006,Comedy,PG-13,17,7,6.0,2.99,17.99,11-25%
672,673,PERSONAL LADYBUGS,2006,Music,PG-13,14,3,5.0,0.99,19.99,Less than 10%
673,674,PET HAUNTING,2006,Foreign,PG,8,3,5.0,0.99,11.99,Less than 10%
674,675,PHANTOM GLORY,2006,New,NC-17,6,6,4.0,2.99,17.99,11-25%
675,676,PHILADELPHIA WIFE,2006,Sports,PG-13,23,7,6.0,4.99,16.99,26-50%
676,677,PIANIST OUTFIELD,2006,New,NC-17,21,6,4.0,0.99,25.99,Less than 10%
677,678,PICKUP DRIVING,2006,Sports,G,16,3,6.0,2.99,23.99,11-25%
678,679,PILOT HOOSIERS,2006,Family,PG,16,6,5.0,2.99,17.99,11-25%
679,680,PINOCCHIO SIMON,2006,Comedy,PG,20,4,5.0,4.99,21.99,11-25%
680,681,PIRATES ROXANNE,2006,Sports,PG,21,4,5.0,0.99,20.99,Less than 10%
681,682,PITTSBURGH HUNCHBACK,2006,Family,PG-13,12,4,6.0,4.99,17.99,26-50%
682,683,PITY BOUND,2006,Drama,NC-17,26,5,5.0,4.99,19.99,11-25%
683,684,PIZZA JUMANJI,2006,Games,NC-17,7,4,5.0,2.99,11.99,11-25%
684,685,PLATOON INSTINCT,2006,New,PG-13,9,6,3.0,4.99,10.99,26-50%
685,686,PLUTO OLEANDER,2006,New,R,16,5,4.0,4.99,9.99,26-50%
686,687,POCUS PULP,2006,Documentary,NC-17,26,6,5.0,0.99,15.99,Less than 10%
687,688,POLISH BROOKLYN,2006,Children,PG,18,6,5.0,0.99,12.99,Less than 10%
688,689,POLLOCK DELIVERANCE,2006,Foreign,PG,18,5,5.0,2.99,14.99,11-25%
689,690,POND SEATTLE,2006,Animation,PG-13,19,7,6.0,2.99,25.99,11-25%
690,691,POSEIDON FOREVER,2006,Sports,PG-13,17,6,5.0,4.99,29.99,11-25%
691,692,POTLUCK MIXED,2006,Animation,G,11,3,4.0,2.99,10.99,26-50%
692,693,POTTER CONNECTICUT,2006,Animation,PG,17,5,5.0,2.99,16.99,11-25%
693,694,PREJUDICE OLEANDER,2006,Classics,PG-13,20,6,6.0,4.99,15.99,26-50%
694,695,PRESIDENT BANG,2006,Family,PG,7,6,4.0,4.99,12.99,26-50%
695,696,PRIDE ALAMO,2006,Animation,NC-17,16,6,3.0,0.99,20.99,Less than 10%
696,697,PRIMARY GLASS,2006,Action,G,27,7,4.0,0.99,16.99,Less than 10%
697,698,PRINCESS GIANT,2006,Documentary,NC-17,27,3,5.0,2.99,29.99,Less than 10%
698,699,PRIVATE DROP,2006,Games,PG,5,7,5.0,4.99,26.99,11-25%
699,700,PRIX UNDEFEATED,2006,Family,R,11,4,4.0,2.99,13.99,11-25%
700,701,PSYCHO SHRUNK,2006,Games,PG-13,0,5,,2.99,11.99,11-25%
701,702,PULP BEVERLY,2006,Horror,G,30,4,5.0,2.99,12.99,11-25%
702,703,PUNK DIVORCE,2006,Animation,PG,8,6,5.0,4.99,18.99,26-50%
703,704,PURE RUNNER,2006,Comedy,NC-17,16,3,6.0,2.99,25.99,11-25%
704,705,PURPLE MOVIE,2006,Foreign,R,13,4,4.0,2.99,9.99,26-50%
705,706,QUEEN LUKE,2006,Drama,PG,22,5,5.0,4.99,22.99,11-25%
706,707,QUEST MUSSOLINI,2006,Action,R,20,5,4.0,2.99,29.99,Less than 10%
707,708,QUILLS BULL,2006,Documentary,R,16,4,4.0,4.99,19.99,11-25%
708,709,RACER EGG,2006,Drama,NC-17,18,7,5.0,2.99,19.99,11-25%
709,710,RAGE GAMES,2006,Family,R,19,4,4.0,4.99,18.99,26-50%
710,711,RAGING AIRPLANE,2006,Sci-Fi,R,13,4,5.0,4.99,18.99,26-50%
711,712,RAIDERS ANTITRUST,2006,Documentary,PG-13,0,4,,0.99,11.99,Less than 10%
712,713,RAINBOW SHOCK,2006,Documentary,PG,0,3,,4.99,14.99,26-50%
713,714,RANDOM GO,2006,Sci-Fi,NC-17,9,6,5.0,2.99,29.99,Less than 10%
714,715,RANGE MOONWALKER,2006,Family,PG,27,3,4.0,4.99,25.99,11-25%
715,716,REAP UNFAITHFUL,2006,Horror,PG-13,16,6,5.0,2.99,26.99,11-25%
716,717,REAR TRADING,2006,Action,NC-17,17,6,6.0,0.99,23.99,Less than 10%
717,718,REBEL AIRPORT,2006,Music,G,8,7,5.0,0.99,24.99,Less than 10%
718,719,RECORDS ZORRO,2006,Sports,PG,8,7,5.0,4.99,11.99,26-50%
719,720,REDEMPTION COMFORTS,2006,New,NC-17,20,3,5.0,2.99,20.99,11-25%
720,721,REDS POCUS,2006,Music,PG-13,9,7,7.0,4.99,23.99,11-25%
721,722,REEF SALUTE,2006,Horror,NC-17,11,5,5.0,0.99,26.99,Less than 10%
722,723,REIGN GENTLEMEN,2006,Sci-Fi,PG-13,20,3,5.0,2.99,29.99,Less than 10%
723,724,REMEMBER DIARY,2006,Family,R,18,5,5.0,2.99,15.99,11-25%
724,725,REQUIEM TYCOON,2006,Classics,R,19,6,5.0,4.99,25.99,11-25%
725,726,RESERVOIR ADAPTATION,2006,Foreign,PG-13,10,7,6.0,2.99,29.99,Less than 10%
726,727,RESURRECTION SILVERADO,2006,Family,PG,21,6,4.0,0.99,12.99,Less than 10%
727,728,REUNION WITCHES,2006,Drama,R,20,3,4.0,0.99,26.99,Less than 10%
728,729,RIDER CADDYSHACK,2006,Sports,PG,11,5,6.0,2.99,28.99,11-25%
729,730,RIDGEMONT SUBMARINE,2006,New,PG-13,32,3,6.0,0.99,28.99,Less than 10%
730,731,RIGHT CRANES,2006,Classics,PG-13,10,7,5.0,4.99,29.99,11-25%
731,732,RINGS HEARTBREAKERS,2006,Action,G,15,5,6.0,0.99,17.99,Less than 10%
732,733,RIVER OUTLAW,2006,Sports,PG-13,20,4,5.0,0.99,29.99,Less than 10%
733,734,ROAD ROXANNE,2006,Documentary,R,19,4,5.0,4.99,12.99,26-50%
734,735,ROBBERS JOON,2006,Children,PG-13,31,7,5.0,2.99,26.99,11-25%
735,736,ROBBERY BRIGHT,2006,Family,R,13,4,5.0,0.99,21.99,Less than 10%
736,737,ROCK INSTINCT,2006,Horror,G,17,4,5.0,0.99,28.99,Less than 10%
737,738,ROCKETEER MOTHER,2006,Foreign,PG-13,33,3,5.0,0.99,27.99,Less than 10%
738,739,ROCKY WAR,2006,Drama,PG-13,16,4,5.0,4.99,17.99,26-50%
739,740,ROLLERCOASTER BRINGING,2006,Horror,PG-13,10,5,6.0,2.99,13.99,11-25%
740,741,ROMAN PUNK,2006,Music,NC-17,24,7,5.0,0.99,28.99,Less than 10%
741,742,ROOF CHAMPION,2006,Games,R,0,7,,0.99,25.99,Less than 10%
742,743,ROOM ROMAN,2006,Animation,PG,20,7,5.0,0.99,27.99,Less than 10%
743,744,ROOTS REMEMBER,2006,Classics,PG-13,17,4,5.0,0.99,23.99,Less than 10%
744,745,ROSES TREASURE,2006,Sports,PG-13,28,5,5.0,4.99,23.99,11-25%
745,746,ROUGE SQUAD,2006,Games,NC-17,18,3,5.0,0.99,10.99,Less than 10%
746,747,ROXANNE REBEL,2006,Games,R,19,5,4.0,0.99,9.99,Less than 10%
747,748,RUGRATS SHAKESPEARE,2006,Action,PG-13,30,4,5.0,0.99,16.99,Less than 10%
748,749,RULES HUMAN,2006,Horror,R,16,6,7.0,4.99,19.99,11-25%
749,750,RUN PACIFIC,2006,New,R,10,3,7.0,0.99,25.99,Less than 10%
750,751,RUNAWAY TENENBAUMS,2006,New,NC-17,8,6,5.0,0.99,17.99,Less than 10%
751,752,RUNNER MADIGAN,2006,Music,NC-17,8,6,4.0,0.99,27.99,Less than 10%
752,753,RUSH GOODFELLAS,2006,Family,PG,31,3,4.0,0.99,20.99,Less than 10%
753,754,RUSHMORE MERMAID,2006,Comedy,PG-13,6,6,3.0,2.99,17.99,11-25%
754,755,SABRINA MIDNIGHT,2006,Children,PG,21,5,5.0,4.99,11.99,26-50%
755,756,SADDLE ANTITRUST,2006,Comedy,PG-13,14,7,5.0,2.99,10.99,26-50%
756,757,SAGEBRUSH CLUELESS,2006,Documentary,G,16,4,6.0,2.99,28.99,11-25%
757,758,SAINTS BRIDE,2006,Drama,G,8,5,5.0,2.99,11.99,11-25%
758,759,SALUTE APOLLO,2006,New,R,23,4,5.0,2.99,29.99,Less than 10%
759,760,SAMURAI LION,2006,New,G,25,5,5.0,2.99,21.99,11-25%
760,761,SANTA PARIS,2006,Children,PG,11,7,5.0,2.99,23.99,11-25%
761,762,SASSY PACKER,2006,Games,G,13,6,5.0,0.99,29.99,Less than 10%
762,763,SATISFACTION CONFIDENTIAL,2006,Sports,G,17,3,5.0,4.99,26.99,11-25%
763,764,SATURDAY LAMBS,2006,Sports,G,28,3,5.0,4.99,28.99,11-25%
764,765,SATURN NAME,2006,Comedy,R,13,7,5.0,4.99,18.99,26-50%
765,766,SAVANNAH TOWN,2006,Drama,PG-13,12,5,5.0,0.99,25.99,Less than 10%
766,767,SCALAWAG DUCK,2006,Music,NC-17,32,6,4.0,4.99,13.99,26-50%
767,768,SCARFACE BANG,2006,Children,PG-13,18,3,4.0,4.99,11.99,26-50%
768,769,SCHOOL JACKET,2006,Foreign,PG-13,6,5,5.0,4.99,21.99,11-25%
769,770,SCISSORHANDS SLUMS,2006,Foreign,G,15,5,3.0,2.99,13.99,11-25%
770,771,SCORPION APOLLO,2006,Drama,NC-17,23,3,5.0,4.99,23.99,11-25%
771,772,SEA VIRGIN,2006,Drama,PG,22,4,5.0,2.99,24.99,11-25%
772,773,SEABISCUIT PUNK,2006,Sports,NC-17,26,6,5.0,2.99,28.99,11-25%
773,774,SEARCHERS WAIT,2006,Comedy,NC-17,14,3,5.0,2.99,22.99,11-25%
774,775,SEATTLE EXPECATIONS,2006,Drama,PG-13,24,4,5.0,4.99,18.99,26-50%
775,776,SECRET GROUNDHOG,2006,Documentary,PG,21,6,5.0,4.99,11.99,26-50%
776,777,SECRETARY ROUGE,2006,Sports,PG,18,5,5.0,4.99,10.99,26-50%
777,778,SECRETS PARADISE,2006,Family,G,20,3,5.0,4.99,24.99,11-25%
778,779,SENSE GREEK,2006,Sports,R,7,4,5.0,4.99,23.99,11-25%
779,780,SENSIBILITY REAR,2006,Family,PG,10,7,4.0,4.99,15.99,26-50%
780,781,SEVEN SWARM,2006,Games,R,5,4,5.0,4.99,15.99,26-50%
781,782,SHAKESPEARE SADDLE,2006,Sports,PG-13,22,6,6.0,2.99,26.99,11-25%
782,783,SHANE DARKNESS,2006,Travel,PG,14,5,5.0,2.99,22.99,11-25%
783,784,SHANGHAI TYCOON,2006,Travel,PG,14,7,4.0,2.99,20.99,11-25%
784,785,SHAWSHANK BUBBLE,2006,Travel,PG,19,6,6.0,4.99,20.99,11-25%
785,786,SHEPHERD MIDSUMMER,2006,Children,R,25,7,5.0,0.99,14.99,Less than 10%
786,787,SHINING ROSES,2006,Travel,G,8,4,5.0,0.99,12.99,Less than 10%
787,788,SHIP WONDERLAND,2006,Documentary,R,15,5,3.0,2.99,15.99,11-25%
788,789,SHOCK CABIN,2006,Foreign,PG-13,30,7,5.0,2.99,15.99,11-25%
789,790,SHOOTIST SUPERFLY,2006,Drama,PG-13,24,6,5.0,0.99,22.99,Less than 10%
790,791,SHOW LORD,2006,Documentary,PG-13,25,3,4.0,4.99,24.99,11-25%
791,792,SHREK LICENSE,2006,Foreign,PG-13,15,7,4.0,2.99,15.99,11-25%
792,793,SHRUNK DIVINE,2006,Action,R,14,6,6.0,2.99,14.99,11-25%
793,794,SIDE ARK,2006,Action,G,12,5,6.0,0.99,28.99,Less than 10%
794,795,SIEGE MADRE,2006,Family,R,15,7,5.0,0.99,23.99,Less than 10%
795,796,SIERRA DIVIDE,2006,Sports,NC-17,15,3,6.0,0.99,12.99,Less than 10%
796,797,SILENCE KANE,2006,Music,R,16,7,5.0,0.99,23.99,Less than 10%
797,798,SILVERADO GOLDFINGER,2006,Sci-Fi,PG,12,4,7.0,4.99,11.99,26-50%
798,799,SIMON NORTH,2006,Horror,NC-17,6,3,5.0,0.99,26.99,Less than 10%
799,800,SINNERS ATLANTIS,2006,Horror,PG-13,22,7,5.0,2.99,19.99,11-25%
800,801,SISTER FREDDY,2006,Children,PG-13,0,5,,4.99,19.99,11-25%
801,802,SKY MIRACLE,2006,Action,PG,0,7,,2.99,15.99,11-25%
802,803,SLACKER LIAISONS,2006,Drama,R,17,7,5.0,4.99,29.99,11-25%
803,804,SLEEPING SUSPECTS,2006,Horror,PG-13,24,7,5.0,4.99,13.99,26-50%
804,805,SLEEPLESS MONSOON,2006,Animation,G,20,5,5.0,4.99,12.99,26-50%
805,806,SLEEPY JAPANESE,2006,New,PG,21,4,5.0,2.99,25.99,11-25%
806,807,SLEUTH ORIENT,2006,Games,NC-17,21,4,5.0,0.99,25.99,Less than 10%
807,808,SLING LUKE,2006,Classics,R,6,5,5.0,0.99,10.99,Less than 10%
808,809,SLIPPER FIDELITY,2006,Sports,PG-13,16,5,5.0,0.99,14.99,Less than 10%
809,810,SLUMS DUCK,2006,Family,PG,24,5,5.0,0.99,21.99,Less than 10%
810,811,SMILE EARRING,2006,Travel,G,10,4,7.0,2.99,29.99,Less than 10%
811,812,SMOKING BARBARELLA,2006,Documentary,PG-13,18,7,4.0,0.99,13.99,Less than 10%
812,813,SMOOCHY CONTROL,2006,Sports,R,12,7,5.0,0.99,18.99,Less than 10%
813,814,SNATCH SLIPPER,2006,Comedy,PG,22,6,6.0,4.99,15.99,26-50%
814,815,SNATCHERS MONTEZUMA,2006,Classics,PG-13,9,4,4.0,2.99,14.99,11-25%
815,816,SNOWMAN ROLLERCOASTER,2006,Animation,G,23,3,5.0,0.99,27.99,Less than 10%
816,817,SOLDIERS EVOLUTION,2006,Sci-Fi,R,8,7,4.0,4.99,27.99,11-25%
817,818,SOMETHING DUCK,2006,Drama,NC-17,19,4,5.0,4.99,17.99,26-50%
818,819,SONG HEDWIG,2006,Music,PG-13,11,3,5.0,0.99,29.99,Less than 10%
819,820,SONS INTERVIEW,2006,Animation,NC-17,15,3,5.0,2.99,11.99,11-25%
820,821,SORORITY QUEEN,2006,Foreign,NC-17,12,6,4.0,0.99,17.99,Less than 10%
821,822,SOUP WISDOM,2006,Family,R,8,6,4.0,0.99,12.99,Less than 10%
822,823,SOUTH WAIT,2006,Action,R,22,4,5.0,2.99,21.99,11-25%
823,824,SPARTACUS CHEAPER,2006,Family,NC-17,9,4,5.0,4.99,19.99,11-25%
824,825,SPEAKEASY DATE,2006,Action,PG-13,12,6,5.0,2.99,22.99,11-25%
825,826,SPEED SUIT,2006,Travel,PG-13,9,7,5.0,4.99,19.99,11-25%
826,827,SPICE SORORITY,2006,Drama,NC-17,20,5,4.0,4.99,22.99,11-25%
827,828,SPIKING ELEMENT,2006,Classics,G,13,7,5.0,2.99,12.99,11-25%
828,829,SPINAL ROCKY,2006,Family,PG-13,13,7,6.0,2.99,12.99,11-25%
829,830,SPIRIT FLINTSTONES,2006,Horror,R,15,7,4.0,0.99,23.99,Less than 10%
830,831,SPIRITED CASUALTIES,2006,Sci-Fi,PG-13,11,5,5.0,0.99,20.99,Less than 10%
831,832,SPLASH GUMP,2006,Family,PG,14,5,6.0,0.99,16.99,Less than 10%
832,833,SPLENDOR PATTON,2006,Children,R,21,5,5.0,0.99,20.99,Less than 10%
833,834,SPOILERS HELLFIGHTERS,2006,Documentary,G,10,4,4.0,0.99,26.99,Less than 10%
834,835,SPY MILE,2006,Games,PG-13,27,6,5.0,2.99,13.99,11-25%
835,836,SQUAD FISH,2006,Sports,PG,7,3,3.0,2.99,14.99,11-25%
836,837,STAGE WORLD,2006,Comedy,PG,10,4,5.0,2.99,19.99,11-25%
837,838,STAGECOACH ARMAGEDDON,2006,Action,R,26,5,5.0,4.99,25.99,11-25%
838,839,STALLION SUNDANCE,2006,Sci-Fi,PG-13,7,5,3.0,0.99,23.99,Less than 10%
839,840,STAMPEDE DISTURBING,2006,Games,R,14,5,5.0,0.99,26.99,Less than 10%
840,841,STAR OPERATION,2006,Sports,PG,21,5,6.0,2.99,9.99,26-50%
841,842,STATE WASTELAND,2006,Games,NC-17,13,4,6.0,2.99,13.99,11-25%
842,843,STEEL SANTA,2006,Classics,NC-17,23,4,4.0,4.99,15.99,26-50%
843,844,STEERS ARMAGEDDON,2006,Sports,PG,15,6,5.0,4.99,16.99,26-50%
844,845,STEPMOM DREAM,2006,Foreign,NC-17,20,7,5.0,4.99,9.99,26-50%
845,846,STING PERSONAL,2006,New,NC-17,21,3,5.0,4.99,9.99,26-50%
846,847,STOCK GLASS,2006,New,PG,14,7,4.0,2.99,10.99,26-50%
847,848,STONE FIRE,2006,Travel,G,11,3,5.0,0.99,19.99,Less than 10%
848,849,STORM HAPPINESS,2006,Animation,NC-17,29,6,5.0,0.99,28.99,Less than 10%
849,850,STORY SIDE,2006,Action,R,28,7,4.0,0.99,27.99,Less than 10%
850,851,STRAIGHT HOURS,2006,Sports,R,20,3,4.0,0.99,19.99,Less than 10%
851,852,STRANGELOVE DESIRE,2006,Children,NC-17,24,4,6.0,0.99,27.99,Less than 10%
852,853,STRANGER STRANGERS,2006,Children,G,11,3,4.0,4.99,12.99,26-50%
853,854,STRANGERS GRAFFITI,2006,Horror,R,17,4,6.0,4.99,22.99,11-25%
854,855,STREAK RIDGEMONT,2006,Documentary,PG-13,16,7,6.0,0.99,28.99,Less than 10%
855,856,STREETCAR INTENTIONS,2006,Horror,R,25,5,4.0,4.99,11.99,26-50%
856,857,STRICTLY SCARFACE,2006,Comedy,PG-13,23,3,5.0,2.99,24.99,11-25%
857,858,SUBMARINE BED,2006,Comedy,R,15,5,4.0,4.99,21.99,11-25%
858,859,SUGAR WONKA,2006,Animation,PG,17,3,4.0,4.99,20.99,11-25%
859,860,SUICIDES SILENCE,2006,Sci-Fi,G,0,4,,4.99,13.99,26-50%
860,861,SUIT WALLS,2006,Games,R,21,3,5.0,4.99,12.99,26-50%
861,862,SUMMER SCARFACE,2006,Classics,G,16,5,5.0,0.99,25.99,Less than 10%
862,863,SUN CONFESSIONS,2006,Sci-Fi,R,25,5,5.0,0.99,9.99,Less than 10%
863,864,SUNDANCE INVASION,2006,Children,NC-17,19,5,5.0,0.99,21.99,Less than 10%
864,865,SUNRISE LEAGUE,2006,Animation,PG-13,24,3,5.0,4.99,19.99,11-25%
865,866,SUNSET RACER,2006,Family,NC-17,8,6,5.0,0.99,28.99,Less than 10%
866,867,SUPER WYOMING,2006,Family,PG,13,5,6.0,4.99,10.99,26-50%
867,868,SUPERFLY TRIP,2006,Travel,PG,10,5,4.0,0.99,27.99,Less than 10%
868,869,SUSPECTS QUILLS,2006,Action,PG,30,4,5.0,2.99,22.99,11-25%
869,870,SWARM GOLD,2006,Horror,PG-13,27,4,5.0,0.99,12.99,Less than 10%
870,871,SWEDEN SHINING,2006,Comedy,PG,18,6,7.0,4.99,19.99,11-25%
871,872,SWEET BROTHERHOOD,2006,Travel,R,15,3,5.0,2.99,27.99,11-25%
872,873,SWEETHEARTS SUSPECTS,2006,Children,G,29,3,5.0,0.99,13.99,Less than 10%
873,874,TADPOLE PARK,2006,Classics,PG,0,6,,2.99,13.99,11-25%
874,875,TALENTED HOMICIDE,2006,Sports,PG,29,6,5.0,0.99,9.99,Less than 10%
875,876,TARZAN VIDEOTAPE,2006,Horror,PG-13,8,3,5.0,2.99,11.99,11-25%
876,877,TAXI KICK,2006,Music,PG-13,17,4,5.0,0.99,23.99,Less than 10%
877,878,TEEN APOLLO,2006,Travel,G,17,3,5.0,4.99,25.99,11-25%
878,879,TELEGRAPH VOYAGE,2006,Music,PG,27,3,6.0,4.99,20.99,11-25%
879,880,TELEMARK HEARTBREAKERS,2006,Animation,PG-13,25,6,5.0,2.99,9.99,26-50%
880,881,TEMPLE ATTRACTION,2006,Horror,PG,12,5,5.0,4.99,13.99,26-50%
881,882,TENENBAUMS COMMAND,2006,Drama,PG-13,13,4,3.0,0.99,24.99,Less than 10%
882,883,TEQUILA PAST,2006,Children,PG,6,6,3.0,4.99,17.99,26-50%
883,884,TERMINATOR CLUB,2006,Music,R,6,5,6.0,4.99,11.99,26-50%
884,885,TEXAS WATCH,2006,Horror,NC-17,6,7,3.0,0.99,22.99,Less than 10%
885,886,THEORY MERMAID,2006,Animation,PG-13,11,5,6.0,0.99,9.99,Less than 10%
886,887,THIEF PELICAN,2006,Animation,PG-13,19,5,5.0,4.99,28.99,11-25%
887,888,THIN SAGEBRUSH,2006,Documentary,PG-13,11,5,6.0,4.99,9.99,26-50%
888,889,TIES HUNGER,2006,Children,R,11,3,5.0,4.99,28.99,11-25%
889,890,TIGHTS DAWN,2006,Sports,R,26,5,5.0,0.99,14.99,Less than 10%
890,891,TIMBERLAND SKY,2006,Classics,G,31,3,6.0,0.99,13.99,Less than 10%
891,892,TITANIC BOONDOCK,2006,Animation,R,23,3,5.0,4.99,18.99,26-50%
892,893,TITANS JERK,2006,Sci-Fi,PG,29,4,6.0,4.99,11.99,26-50%
893,894,TOMATOES HELLFIGHTERS,2006,Travel,PG,14,6,4.0,0.99,23.99,Less than 10%
894,895,TOMORROW HUSTLER,2006,Classics,R,25,3,4.0,2.99,21.99,11-25%
895,896,TOOTSIE PILOT,2006,Children,PG,15,3,4.0,0.99,10.99,Less than 10%
896,897,TORQUE BOUND,2006,Drama,G,27,3,5.0,4.99,27.99,11-25%
897,898,TOURIST PELICAN,2006,Sports,PG-13,22,4,5.0,4.99,18.99,26-50%
898,899,TOWERS HURRICANE,2006,Classics,NC-17,11,7,4.0,0.99,14.99,Less than 10%
899,900,TOWN ARK,2006,Foreign,R,14,6,4.0,2.99,17.99,11-25%
900,901,TRACY CIDER,2006,Animation,G,26,3,5.0,0.99,29.99,Less than 10%
901,902,TRADING PINOCCHIO,2006,Sports,PG,25,6,5.0,4.99,22.99,11-25%
902,903,TRAFFIC HOBBIT,2006,Travel,G,5,5,3.0,4.99,13.99,26-50%
903,904,TRAIN BUNCH,2006,Horror,R,4,3,3.0,4.99,26.99,11-25%
904,905,TRAINSPOTTING STRANGERS,2006,Comedy,PG-13,11,7,5.0,4.99,10.99,26-50%
905,906,TRAMP OTHERS,2006,Comedy,PG,20,4,5.0,0.99,27.99,Less than 10%
906,907,TRANSLATION SUMMER,2006,Drama,PG-13,15,4,5.0,0.99,10.99,Less than 10%
907,908,TRAP GUYS,2006,Foreign,G,16,3,6.0,4.99,11.99,26-50%
908,909,TREASURE COMMAND,2006,Horror,PG-13,0,3,,0.99,28.99,Less than 10%
909,910,TREATMENT JEKYLL,2006,Drama,PG,7,3,3.0,0.99,19.99,Less than 10%
910,911,TRIP NEWTON,2006,Action,PG-13,28,7,4.0,4.99,14.99,26-50%
911,912,TROJAN TOMORROW,2006,Sci-Fi,PG,19,3,4.0,2.99,9.99,26-50%
912,913,TROOPERS METAL,2006,New,R,14,3,5.0,0.99,20.99,Less than 10%
913,914,TROUBLE DATE,2006,Travel,PG,23,6,5.0,2.99,13.99,11-25%
914,915,TRUMAN CRAZY,2006,Action,G,23,7,5.0,4.99,9.99,26-50%
915,916,TURN STAR,2006,Animation,G,14,3,4.0,2.99,10.99,26-50%
916,917,TUXEDO MILE,2006,Sports,R,13,3,6.0,2.99,24.99,11-25%
917,918,TWISTED PIRATES,2006,Children,PG,11,4,4.0,4.99,23.99,11-25%
918,919,TYCOON GATHERING,2006,Games,G,12,3,7.0,4.99,17.99,26-50%
919,920,UNBREAKABLE KARATE,2006,New,G,21,3,6.0,0.99,16.99,Less than 10%
920,921,UNCUT SUICIDES,2006,Music,PG-13,14,7,6.0,2.99,29.99,Less than 10%
921,922,UNDEFEATED DALMATIONS,2006,Horror,PG-13,21,7,5.0,4.99,22.99,11-25%
922,923,UNFAITHFUL KILL,2006,Drama,R,8,7,5.0,2.99,12.99,11-25%
923,924,UNFORGIVEN ZOOLANDER,2006,Sci-Fi,PG,18,7,5.0,0.99,15.99,Less than 10%
924,925,UNITED PILOT,2006,Documentary,R,17,3,5.0,0.99,27.99,Less than 10%
925,926,UNTOUCHABLES SUNRISE,2006,Documentary,NC-17,8,5,6.0,2.99,11.99,11-25%
926,927,UPRISING UPTOWN,2006,Action,NC-17,16,6,5.0,2.99,16.99,11-25%
927,928,UPTOWN YOUNG,2006,Children,PG,12,5,4.0,2.99,16.99,11-25%
928,929,USUAL UNTOUCHABLES,2006,Foreign,PG-13,13,5,4.0,4.99,21.99,11-25%
929,930,VACATION BOONDOCK,2006,Sci-Fi,R,21,4,5.0,2.99,23.99,11-25%
930,931,VALENTINE VANISHING,2006,Travel,PG-13,12,7,6.0,0.99,9.99,Less than 10%
931,932,VALLEY PACKER,2006,Comedy,G,15,3,5.0,0.99,21.99,Less than 10%
932,933,VAMPIRE WHALE,2006,New,NC-17,12,4,5.0,4.99,11.99,26-50%
933,934,VANILLA DAY,2006,Games,NC-17,9,7,6.0,4.99,20.99,11-25%
934,935,VANISHED GARDEN,2006,New,R,7,5,6.0,0.99,17.99,Less than 10%
935,936,VANISHING ROCKY,2006,Music,NC-17,18,3,5.0,2.99,21.99,11-25%
936,937,VARSITY TRIP,2006,New,NC-17,16,7,4.0,2.99,14.99,11-25%
937,938,VELVET TERMINATOR,2006,Comedy,R,26,3,5.0,4.99,14.99,26-50%
938,939,VERTIGO NORTHWEST,2006,Comedy,R,8,4,5.0,2.99,17.99,11-25%
939,940,VICTORY ACADEMY,2006,Sports,PG-13,9,6,4.0,0.99,19.99,Less than 10%
940,941,VIDEOTAPE ARSENIC,2006,Games,NC-17,29,4,4.0,4.99,10.99,26-50%
941,942,VIETNAM SMOOCHY,2006,Drama,PG-13,15,7,5.0,0.99,27.99,Less than 10%
942,943,VILLAIN DESPERATE,2006,Documentary,PG-13,0,4,,4.99,27.99,11-25%
943,944,VIRGIN DAISY,2006,Drama,PG-13,17,6,5.0,4.99,29.99,11-25%
944,945,VIRGINIAN PLUTO,2006,Documentary,R,29,5,4.0,0.99,22.99,Less than 10%
945,946,VIRTUAL SPOILERS,2006,Family,NC-17,14,3,6.0,4.99,14.99,26-50%
946,947,VISION TORQUE,2006,Foreign,PG-13,7,5,5.0,0.99,16.99,Less than 10%
947,948,VOICE PEACH,2006,New,PG-13,19,6,5.0,0.99,22.99,Less than 10%
948,949,VOLCANO TEXAS,2006,Games,NC-17,22,6,5.0,0.99,27.99,Less than 10%
949,950,VOLUME HOUSE,2006,Classics,PG,0,7,,4.99,12.99,26-50%
950,951,VOYAGE LEGALLY,2006,Classics,PG-13,28,6,5.0,0.99,28.99,Less than 10%
951,952,WAGON JAWS,2006,Documentary,PG,10,7,7.0,2.99,17.99,11-25%
952,953,WAIT CIDER,2006,Animation,PG-13,21,3,6.0,0.99,9.99,Less than 10%
953,954,WAKE JAWS,2006,New,G,0,7,,4.99,18.99,26-50%
954,955,WALLS ARTIST,2006,Children,PG,0,7,,4.99,19.99,11-25%
955,956,WANDA CHAMBER,2006,Games,PG-13,16,7,5.0,4.99,23.99,11-25%
956,957,WAR NOTTING,2006,Foreign,G,12,7,5.0,4.99,26.99,11-25%
957,958,WARDROBE PHANTOM,2006,Drama,G,27,6,5.0,2.99,19.99,11-25%
958,959,WARLOCK WEREWOLF,2006,Children,G,6,6,4.0,2.99,10.99,26-50%
959,960,WARS PLUTO,2006,Documentary,G,10,5,6.0,2.99,15.99,11-25%
960,961,WASH HEAVENLY,2006,Foreign,R,23,7,5.0,4.99,22.99,11-25%
961,962,WASTELAND DIVINE,2006,Classics,PG,15,7,5.0,2.99,18.99,11-25%
962,963,WATCH TRACY,2006,Animation,PG,16,5,5.0,0.99,12.99,Less than 10%
963,964,WATERFRONT DELIVERANCE,2006,Action,G,17,4,6.0,4.99,17.99,26-50%
964,965,WATERSHIP FRONTIER,2006,Horror,G,6,6,6.0,0.99,28.99,Less than 10%
965,966,WEDDING APOLLO,2006,Documentary,PG,24,3,5.0,0.99,14.99,Less than 10%
966,967,WEEKEND PERSONAL,2006,Sci-Fi,R,18,5,5.0,2.99,26.99,11-25%
967,968,WEREWOLF LOLA,2006,Action,G,14,6,5.0,4.99,19.99,11-25%
968,969,WEST LION,2006,Drama,G,16,4,5.0,4.99,29.99,11-25%
969,970,WESTWARD SEABISCUIT,2006,Classics,NC-17,26,7,6.0,0.99,11.99,Less than 10%
970,971,WHALE BIKINI,2006,Foreign,PG-13,18,4,6.0,4.99,11.99,26-50%
971,972,WHISPERER GIANT,2006,Sci-Fi,PG-13,22,4,6.0,4.99,24.99,11-25%
972,973,WIFE TURN,2006,Documentary,NC-17,31,3,5.0,4.99,27.99,11-25%
973,974,WILD APOLLO,2006,New,R,6,4,5.0,0.99,24.99,Less than 10%
974,975,WILLOW TRACY,2006,Family,R,16,6,5.0,2.99,22.99,11-25%
975,976,WIND PHANTOM,2006,Games,R,23,6,5.0,0.99,12.99,Less than 10%
976,977,WINDOW SIDE,2006,Travel,R,12,3,5.0,2.99,25.99,11-25%
977,978,WISDOM WORKER,2006,Comedy,R,9,3,5.0,0.99,12.99,Less than 10%
978,979,WITCHES PANIC,2006,Drama,NC-17,30,6,6.0,4.99,10.99,26-50%
979,980,WIZARD COLDBLOODED,2006,Music,PG,16,4,4.0,4.99,12.99,26-50%
980,981,WOLVES DESIRE,2006,Travel,NC-17,21,7,4.0,0.99,13.99,Less than 10%
981,982,WOMEN DORADO,2006,Action,R,23,4,4.0,0.99,23.99,Less than 10%
982,983,WON DARES,2006,Music,PG,9,7,5.0,2.99,18.99,11-25%
983,984,WONDERFUL DROP,2006,Foreign,NC-17,9,3,6.0,2.99,20.99,11-25%
984,985,WONDERLAND CHRISTMAS,2006,Sci-Fi,PG,22,4,5.0,4.99,19.99,11-25%
985,986,WONKA SEA,2006,Animation,NC-17,18,6,5.0,2.99,24.99,11-25%
986,987,WORDS HUNTER,2006,Music,PG,16,3,5.0,2.99,13.99,11-25%
987,988,WORKER TARZAN,2006,Travel,R,15,7,5.0,2.99,26.99,11-25%
988,989,WORKING MICROCOSMOS,2006,Travel,R,25,4,5.0,4.99,22.99,11-25%
989,990,WORLD LEATHERNECKS,2006,Horror,PG-13,8,3,5.0,0.99,13.99,Less than 10%
990,991,WORST BANGER,2006,Action,PG,16,4,5.0,2.99,26.99,11-25%
991,992,WRATH MILE,2006,Documentary,NC-17,14,5,5.0,0.99,17.99,Less than 10%
992,993,WRONG BEHAVIOR,2006,Children,PG-13,20,6,4.0,2.99,10.99,26-50%
993,994,WYOMING STORM,2006,New,PG-13,13,6,5.0,4.99,29.99,11-25%
994,995,YENTL IDAHO,2006,Horror,R,23,5,5.0,4.99,11.99,26-50%
995,996,YOUNG LANGUAGE,2006,Documentary,G,7,6,5.0,0.99,9.99,Less than 10%
996,997,YOUTH KICK,2006,Music,NC-17,6,4,6.0,0.99,14.99,Less than 10%
997,998,ZHIVAGO CORE,2006,Horror,NC-17,9,6,6.0,0.99,10.99,Less than 10%
998,999,ZOOLANDER FICTION,2006,Children,R,17,5,6.0,2.99,28.99,11-25%
999,1000,ZORRO ARK,2006,Comedy,NC-17,31,3,5.0,4.99,18.99,26-50%
